,选项,指标,20250930,20250630,20250331,20241231,20240930,20240630,20240331,20231231,20230930,20230630,20230331,20221231,20220930,20220630,20220331,20211231,20210930,20210630,20210331,20201231,20200930,20200630,20200331,20191231,20190930,20190630,20190331,20181231,20180930,20180630,20180331,20171231,20170930,20170630,20170331,20161231,20160930,20160630,20160331,20151231,20150930,20150630,20150331,20141231,20140930,20140630,20140331,20131231,20130930,20130630,20130331,20121231,20120930,20120630,20120331,20111231,20110930,20110630,20110331,20101231,20100930,20100630,20100331,20091231,20090930,20090630,20090331,20081231,20080930,20080630,20080331,20071231,20070930,20070630,20070331,20061231,20060930,20060630,20060331,20051231,20050930,20050630,20050331,20041231,20040930,20040630,20040331,20031231,20030930,20030630,20030331,20021231,20020930,20020630,20020331,20011231,20010630,20001231,19991231,19981231
0,常用指标,归母净利润,64626746712.18,45402962298.1,26847474238.76,86228146421.62,60827552118.51,41695610983.37,24065262374.15,74734071550.75,52876217064.12,35980415090.77,20794882754.55,62717467870.12,44399815583.54,29793908077.83,17244968587.32,52460144378.16,37266174159.97,24653985551.58,13954462085.61,46697285429.81,33827103961.22,22601655085.51,13093770211.16,41206471014.43,30454855385.44,19951025609.22,11221431345.08,35203625263.22,24733552720.33,15764185782.66,8506906678.2,27079360255.74,19983846984.1,11250860929.71,6123119324.13,16718362734.16,12465577764.14,8802637138.02,4889271595.32,15503090276.38,11424637743.71,7888232276.17,4364901720.89,15349804322.27,10693329220.86,7229853849.52,3699386271.72,15136639784.35,11070194524.15,7247944730.16,3593098133.67,13308079612.88,10420059216.87,6995721596.41,2969215795.73,8763145910.23,6569084644.22,4907177141.53,1883994974.93,5051194218.26,4174173993.26,3099757305.23,1265662575.41,4312446124.73,3786951421.67,2790276484.1,1217009471.66,3799480558.51,3144758854.4,2239561076.0,873354083.28,2830831594.36,1590494595.65,849723688.96,536077463.36,1544812417.93,1009007285.32,574069211.31,432449600.74,1118541629.37,702485675.25,480786925.85,369139390.74,820553997.19,515569148.98,349084192.5,261503821.72,586747838.27,354499724.25,252520818.55,217609019.5,376183499.47,309250570.0,238275978.99,206448262.49,328290723.14,223407942.67,249558877.77,215690128.65,146891419.61
1,常用指标,营业总收入,130903889634.88,91093762553.97,51443450583.77,174144069958.24997,123122542625.45,83451164646.53,46484738134.23,150560330316.44998,105315900448.1,70987206095.38,39379301807.75,127553959355.97,89785880318.36,59443518511.24,33187160227.05,109464278563.89,77053154965.96,50721582926.18,28064735731.77,97993240501.21,69574876860.53,45634371275.58,25298492025.94,88854337488.76,63508663046.7,41172681309.94,22480525254.69,77199384110.22,54969266451.42,35251464783.33,18395256845.96,61062756866.16,44487374571.44,25493896745.03,13913411369.3,40155084412.93,27532735151.02,18737617091.82,10250867583.69,33446859045.58,23734319250.48,16185651569.47,8760367928.22,32217213741.08,22173257722.32,14615639258.11,7581739634.14,31070596222.23,22002381371.16,14137431736.59,7165785851.61,26455335152.99,19931438600.48,13264437836.41,6015967741.62,18402355207.3,13642075480.07,9825823427.08,4220589097.94,11633283740.18,9327577784.12,6587266362.78,3039906100.41,9669999065.39,7807202385.78,5546006031.29,2512537167.2,8241685564.11,6486517281.01,4619717309.6,1993496395.46,7237430747.12,4458382249.26,2629088876.42,1587538095.68,4903375765.41,3252383811.75,2013492528.06,1353005869.77,3930564202.57,2580364529.21,1686177749.0,1144018545.84,3009795402.34,2070521111.48,1314118558.09,853431905.86,2402101953.86,1554532689.35,1010782352.89,735224645.92,1838129976.34,1366363003.04,956401891.61,718793418.69,1619202408.97,874826253.68,1113019554.91,891237329.51,629217329.19
2,常用指标,营业成本,41426154052.85,28353948643.16,14433297495.64,54523971452.57,39182396617.66,25936116155.36,13344131153.66,46960889468.54,32235692213.48,21179301470.55,10715598396.54,39748309616.85,27890886105.75,17854026826.97,9185979868.46,34776902467.47,24071862683.13,15697772696.03,8355908409.03,31305130587.56,21532733158.31,13495852844.81,6737757560.91,29812253033.37,20079873444.73,12768899979.57,6484313671.03,25864740879.03,19130125960.59,12370347699.6,6217578453.0,22122749332.71,15850431186.09,9370126828.76,5123258606.74,15889459243.51,9383156947.59,5977493622.96,3048304476.48,11291736359.61,7443208922.79,5037379854.43,2556368078.35,10117335755.93,6859822984.02,4367672274.01,2261820069.27,9282061270.23,5992181828.32,3742695315.77,1795606131.46,7627698585.34,5247248428.45,3467852031.95,1843049067.42,6069573782.22,4362971847.48,2939426779.37,1568403990.91,4472846560.68,3430445852.07,2206793433.07,1244335755.22,3595688001.93,2502215363.92,1641794409.31,808026701.87,2852622959.08,2076192706.61,1476314722.5,771928092.57,2713904695.32,1953519114.49,1271054831.25,714477088.75,2418028449.44,1564133455.24,1055317462.67,682652572.22,2011711744.99,1430921127.71,930599121.28,586333588.5,1522003410.22,1194828205.06,744429218.27,452275167.65,1426663549.62,959777511.92,600118358.62,393885303.59,1189922692.06,838206793.95,554560479.53,380838519.86,1009060743.06,354789488.14,667263204.64,537589581.33,410251605.47
3,常用指标,净利润,66898804746.17,46986681449.24,27774636011.61,89334728025.9,63031462239.55,43176914345.12,24882347326.74,77521476277.8,54827171371.97,37331971189.28,21524725630.16,65376039957.88,46313993773.41,31105364072.66,17952116145.8,55720529956.46,39574961191.11,26206683856.15,14772030035.62,49523329882.4,35850673342.16,23927546476.23,13862853487.24,43970000792.51,32412303335.96,21196527550.11,11915721111.34,37829617756.81,26571354958.67,16921352445.58,9130535753.3,29006423236.0,21361469066.81,12044438696.03,6544833459.07,17930643109.88,13330191781.89,9377202963.15,5212078652.48,16454996625.22,12126789326.87,8364520508.61,4628320416.91,16269371509.83,11375689707.88,7664538017.59,3952933461.0,15964899881.05,11662175309.98,7620914791.31,3773363242.99,14008450702.17,10937979773.7,7348939538.55,3129490790.74,9250323807.62,6930714312.61,5166306192.53,1991291329.64,5339761496.97,4411104477.83,3274562600.07,1344382797.81,4552888944.0,3979795618.2,2928842256.25,1278840567.82,4000759343.11,3304198781.0,2351939273.63,917048744.59,2966052508.95,1669221956.18,893948241.41,561440706.1,1616375200.07,1056601132.65,603117899.92,451416219.94,1169122125.71,734632419.82,502705034.94,383941417.26,854172175.46,538075474.88,364062064.43,271330791.21,608753496.06,369811690.47,262486045.78,225123681.74,391970948.88,320106986.66,246355376.97,213798332.79,342365808.77,223407942.67,255284811.38,215690128.65,146891419.61
4,常用指标,扣非净利润,64680616431.2,45390247623.82,26849883702.9,86240905977.42,60778641454.76,41670097819.99,24051471185.69,74752564425.52,52815640756.86,35947449205.45,20778475545.61,62791872697.72,44393231516.91,29762821731.41,17243064446.83,52581102656.24,37357031229.83,24649117714.43,13969463370.71,47016420742.73,33902100761.01,22672726309.64,13155216731.0,41406909012.08,30534220918.96,20031439180.39,11301721758.13,35585443648.6,24929011158.67,15884168512.98,8510778903.45,27224083628.17,20087008841.63,11279876578.52,6148184676.75,16954689021.77,12545273396.48,8798948190.99,4886287212.46,15616866431.94,11520504950.25,7889895890.08,4366636015.79,15520833325.69,10791417351.21,7249964632.09,3705104468.53,15451527453.0,11316351629.2,7442733784.56,3772853922.13,13401371441.07,10493128641.3,6995444556.93,2967835798.91,8764693473.02,6571525886.8,4908996693.16,1882675946.41,5050226243.98,4174639742.56,3101369957.67,1267754831.01,4308114570.85,3787331086.97,2789528657.62,1216891506.66,3802638842.13,3150349976.75,2246009857.71,872926245.78,2833053304.89,1588937728.74,848272230.67,535335504.43,1497497140.37,950316749.18,604637534.36,449371277.55,1117886088.6,701605938.99,479984464.29,,818807764.73,,349061958.57,261494793.49,585504178.23,353567132.9,252137318.98,,378188507.17,309407926.51,238253299.62,,334872479.88,,,,
5,常用指标,股东权益合计(净资产),265705024872.85,249135586262.75003,268190335170.39,242011315120.6,247688164238.17,228044809649.28,248536768550.53,223656469294.82,225018799759.41,209247480091.96,226463574202.63,204938081263.86,213446576009.85,198456449962.46,214908276449.78,196957506705.34,180814940353.36,167564091731.47,182489767765.58,167720683101.28,154171658125.39,142517887676.14,155734823056.36,141876380228.65,130822045139.33,119606776154.36,129322061398.77,117408487922.53,106157062048.93,96504474570.58,105149681155.38,96019627475.08,88380845274.13,79063250670.46,82453887315.58,75898542854.72,71283503461.07,67353161683.38,70941258989.62,66234170421.29,61918842558.08,63661782189.54,59930148126.96,55311550841.12,50341328571.51,46624176881.22,47453571644.63,44129092273.26,39820367702.19,35779107183.52,38595633055.42,35454036397.25,31991565468.78,28404775233.63,28530620402.03,25403379611.29,23083770116.28,21544955887.15,20540681024.26,18549389694.62,17721770193.44,16737213296.22,15995948192.02,14651565394.21,14215679731.03,13166976369.08,12608007479.04,11503418295.95,10807004733.84,9854634976.47,9285941265.03,8368855770.44,6952899324.33,6219411895.49,5888376793.59,6167852030.37,5415044428.11,5058474356.14,5588295571.74,5162395081.52,4765503347.03,4691837330.75,4600649163.99,4216707746.73,3900474366.13,3817145295.68,3727794494.04,3470524090.93,3231516625.34,3124773172.54,3100472676.31,2874733972.69,2857804350.47,2784052740.78,2751462376.6,2537631703.81,561545403.24,445324325.9,285361855.23,234091527.98
6,常用指标,商誉,,,,,,,,,,,,,,,,,,,,,,,,,,,,,,,,,,,,,,,,,,,,,,,,,,,,,,,,,,,,,,,,,,,,,,,,,,,,,,,,,,,,,,,,,,,,,,,,,,,,
7,常用指标,经营现金流量净额,38196802155.27,13119061031.33,8809195646.38,92463692168.43,44421386217.45,36621833812.63,9187422415.09,66593247721.09,50002007018.66,30387178194.96,5244796293.93,36698595830.03,9405337008.75,-11163941.3,-6876059093.79,64028676147.37,36752297355.92,21719470732.97,-1484892858.66,51669068693.03,25111002819.99,12620963440.03,2303109387.5,45210612632.56,27315401962.03,24086920146.43,1189210084.58,41385234406.72,28221285915.54,17735030962.19,4935500707.47,22153036084.13,22786767198.19,6935360410.36,6108975096.56,37451249647.05,32535332631.69,13603962283.99,7436044334.98,17436340141.72,11423393327.06,4901688343.28,2111633649.4,12632522436.6,7679397243.87,4288743348.5,173915705.72,12655024861.92,9245117959.31,5215024506.91,790228914.27,11921310609.25,7561565324.9,4459709495.33,1339500999.6,10148564689.53,9026937978.3,5327897835.08,3411131919.85,6201476519.57,3964406933.93,1766383110.55,824771903.73,4223937144.19,2077542093.22,548187840.43,-130764695.25,5247488535.74,3068605688.17,1495681406.98,992687155.95,1743303211.38,1548259234.88,685813057.55,380543066.08,2112936898.43,1491329074.85,595359689.6,224920075.54,1693707488.32,883720092.29,436604511.29,242281053.1,975784480.2,372675167.5,-37984534.13,-181383371.87,941706242.08,439378658.54,-33965937.28,9112186.67,434582378.66,,-180120845.05,,42283037.35,-86280877.69,443124645.68,,
8,常用指标,基本每股收益,51.53,36.18,21.38,68.64,48.42,33.19,19.16,59.49,42.09,28.64,16.55,49.93,35.34,23.72,13.73,41.76,29.67,19.63,11.11,37.17,26.93,17.99,10.42,32.8,24.24,15.88,8.93,28.02,19.69,12.55,6.77,21.56,15.91,8.96,4.87,13.31,9.92,7.01,3.89,12.34,9.09,6.28,3.47,12.22,8.51,6.33,3.24,13.25,9.69,6.35,3.46,12.82,10.04,6.74,2.86,8.44,6.33,4.73,1.81,4.87,4.02,3.28,1.34,4.57,4.01,2.96,1.29,4.03,3.33,2.37,0.93,3.0,1.69,0.9,0.57,1.64,1.07,0.61,0.92,2.37,,1.22,,2.09,,1.15,,1.94,,,,1.37,,0.95,,1.59,1.21,1.36,1.17,
9,常用指标,每股净资产,205.283142,189.975286,205.66653,185.564713,189.229319,173.997764,190.839202,171.683608,173.387204,159.93987,173.759014,157.225774,164.551135,152.924213,164.610215,150.883379,138.790563,128.751833,139.52759,128.421443,118.175861,109.239591,118.694734,108.271444,99.712176,91.350974,98.756619,89.825475,81.491647,74.349498,79.571821,72.800257,67.151989,60.19962,62.902329,58.027595,54.643277,51.726655,54.783384,50.888465,47.642248,53.681657,50.600422,46.786774,42.680066,39.647245,44.585338,41.054746,37.133032,33.456165,36.354728,32.893769,30.109791,26.813554,26.932127,24.072106,21.958734,22.393739,21.490537,19.494356,18.565113,17.426718,16.66841,15.327381,14.770595,13.714572,13.203622,11.914144,11.220592,10.261376,9.649816,8.724418,7.284003,6.4991,6.167128,6.248151,5.66241,5.299663,11.743068,10.790204,9.988259,11.824595,11.540465,10.601777,9.825879,13.775369,13.469188,12.505972,11.661195,11.292479,11.165289,10.373983,11.360927,11.077029,10.949585,10.123662,3.03538,2.399813,1.542496,
10,常用指标,每股现金流,30.502044,10.443467,7.012586,73.605997,35.361776,29.152919,7.313674,53.011753,39.804246,24.189803,4.175135,29.214026,7.487146,-0.008887,-5.473707,50.970218,29.256775,17.289849,-1.182053,41.131316,19.989688,10.046955,1.833397,35.990042,21.744507,19.174464,0.946674,32.944839,22.465638,14.118024,3.92892,17.63499,18.139473,5.520914,4.863067,29.813178,25.899848,10.829474,5.919485,13.88025,9.093626,4.292203,1.849069,11.061772,6.724527,3.755473,0.167519,12.189624,8.90512,5.023237,0.761167,11.482893,7.283481,4.295699,1.290239,9.775342,8.694964,5.645155,3.614252,6.570752,4.200473,1.871565,0.873884,4.475457,2.201252,0.58083,-0.138551,5.559958,3.25133,1.584744,1.051798,1.84711,1.640452,0.72665,0.403203,2.230526,1.578861,0.630294,0.470871,3.589123,1.872685,1.110246,0.616099,2.481333,0.94768,-0.138125,-0.659575,3.424386,1.59774,-0.123512,0.033135,1.580299,,-0.720483,,0.169132,-0.466383,2.395268,,
11,常用指标,净资产收益率(ROE),24.64,17.89,10.92,36.02,26.09,17.63,10.57,34.19,24.82,16.7,10.0,30.26,21.91,14.57,8.7,29.9,21.68,14.2,8.29,31.41,23.2,15.34,9.18,33.09,24.92,16.21,9.47,34.46,24.93,15.87,8.89,32.95,24.97,14.33,8.06,24.44,18.45,12.88,7.37,26.23,19.69,13.75,7.85,31.96,23.02,15.64,8.32,39.43,29.55,19.19,10.0,45.0,36.16,24.56,11.21,40.39,31.34,23.53,9.74,30.91,26.0,19.58,8.38,33.55,,22.08,,39.01,,23.94,,39.3,,14.88,,27.67,,11.27,,23.99,,10.9,,21.32,,9.66,,18.65,,,,13.86,,8.99,,26.79,40.16,68.86,,
12,常用指标,总资产报酬率(ROA),29.621501,21.238876,12.116172,41.862768,30.048457,20.867297,11.886318,39.330456,28.354479,20.128898,11.19279,34.428982,24.625988,16.825808,9.349706,31.817024,24.135856,16.451685,9.126526,33.395845,25.963321,18.003863,10.133278,34.286631,26.802581,17.411008,9.938451,34.522962,25.250719,17.177938,9.04713,31.300173,23.640915,13.787586,7.524836,24.087424,18.842432,14.042875,8.14015,28.970763,22.463711,16.186625,9.202974,36.08855,26.437633,18.474687,9.486989,42.671691,32.509027,22.851567,11.00846,46.810609,38.754043,26.269592,11.43654,40.783523,30.989931,24.376654,9.500151,31.582268,27.047913,20.814512,8.689277,33.481226,32.099697,24.067208,10.348959,40.271904,36.996492,28.398409,10.734718,44.656113,24.992563,13.416634,8.711958,28.523604,18.415627,12.260032,8.286994,26.612336,16.899162,11.551933,8.555269,26.313681,16.127392,11.397331,8.039989,21.993132,13.909787,10.448854,8.659772,17.564094,14.332006,11.674934,9.701932,25.955296,30.14752,41.350129,44.042325,35.167062
13,常用指标,毛利率,91.293383,91.299309,91.973609,91.931216,91.531375,91.760284,92.613316,91.964937,91.707471,91.798081,92.595575,91.866654,91.874375,92.109102,92.367676,91.540291,91.191403,91.378421,91.676283,91.409188,91.325,91.462828,91.672154,91.302761,91.489438,91.866801,92.111252,91.142012,91.123837,90.942146,91.305516,89.796196,89.933118,89.618746,91.156137,91.225136,91.643855,91.881424,92.341366,92.227894,92.45293,92.611039,93.214204,92.593412,92.663719,93.104532,93.195341,92.90494,93.431419,93.399097,93.285855,92.272611,91.827604,92.011381,91.987067,91.570459,91.527336,91.399474,90.710701,90.948973,91.194979,91.359234,90.283028,90.168842,90.480488,90.414359,89.992254,90.296726,90.519718,90.43113,89.926708,87.95645,85.137288,85.195754,85.026817,83.840897,83.498842,83.125221,83.200227,82.518657,82.541052,82.556127,82.80489,82.222825,82.229151,82.502107,82.278168,80.11726,80.503338,80.482701,81.457569,81.440036,83.078078,83.428258,83.90676,82.229284,,82.328249,85.504624,87.786171
14,常用指标,销售净利率,52.080088,52.564068,54.889545,52.273359,52.188674,52.699132,54.357326,52.488038,53.091938,53.656376,55.539348,52.679467,53.13661,53.986559,55.586597,52.472406,53.01955,53.387934,54.167769,52.176295,53.337354,54.43918,56.802415,51.469296,53.191901,53.67869,55.053223,51.371804,50.862376,50.667722,52.275556,49.823924,50.320927,49.79092,49.17733,46.139044,50.053506,51.598975,52.179468,50.383363,52.386505,53.011644,54.168683,51.527865,52.378628,53.517224,53.06075,51.629915,53.165243,53.942429,52.658052,52.951325,54.878024,55.403324,52.01974,50.267064,50.803958,52.578862,47.180412,45.900724,47.290996,49.710493,44.224484,47.08262,50.97595,52.809936,50.898374,48.542974,50.939489,50.910891,46.002026,40.982119,37.440081,34.002206,35.365495,32.153761,30.591069,31.243296,34.588499,29.744754,28.470605,29.813879,33.560804,28.379759,25.988483,27.704095,31.792904,25.353975,23.81665,26.013248,30.675429,21.395516,23.470211,25.778715,29.77631,21.159204,25.565542,22.916034,24.211499,23.383486
15,常用指标,期间费用率,7.364841,7.319019,6.243127,8.01824,7.427215,6.897228,5.994931,8.629941,7.325601,6.925114,6.118648,8.906776,8.127673,7.866512,7.274,9.713747,9.065305,9.034543,8.151048,9.643724,9.235986,9.297913,9.122463,11.123923,11.189043,12.037901,10.796859,10.750368,12.520054,13.940831,12.285664,13.141824,11.904878,13.946289,14.615846,15.014765,12.916519,12.297136,10.735744,16.01535,15.015322,15.21138,13.530082,15.614351,14.816598,14.563464,13.905961,13.788973,11.693974,12.12415,10.158718,11.36923,9.195121,7.923753,9.186224,11.104277,9.362811,8.331772,11.082948,15.867994,12.827112,11.77797,13.42681,17.629853,13.863765,12.472094,12.810543,16.631281,14.32117,14.39913,18.684345,17.116529,19.678228,22.389257,17.969042,21.382223,22.32251,20.596827,20.415152,20.21007,22.225906,21.995273,19.554129,21.997906,24.463364,24.077424,21.233592,26.700608,25.041972,23.916949,18.626328,28.798418,27.809815,24.623313,19.559276,24.945969,22.090375,24.342504,26.445139,34.138334
16,常用指标,资产负债率,12.808752,14.754851,14.143018,19.044755,13.628503,18.324183,12.954324,17.984324,14.140007,13.392472,12.356171,19.420971,13.848391,17.257815,14.482029,22.812673,19.531318,21.282828,15.207087,21.403947,16.473979,17.235977,14.254617,22.48987,19.519092,27.564449,19.117182,26.549308,27.856784,25.717123,21.766506,28.668342,30.833604,34.323433,30.698625,32.794215,32.205236,29.507452,21.776483,23.252552,20.165531,11.993686,12.852985,16.033257,14.168808,15.563646,15.306284,20.422381,19.186561,17.976789,15.91772,21.210116,17.621559,28.47208,21.635503,27.212759,29.824317,30.320659,29.562813,27.506275,22.307111,21.546134,21.704012,25.888494,15.069121,17.571162,19.311352,26.981838,16.801675,12.605976,19.65008,20.155719,31.795507,39.185944,40.420972,36.147801,38.510323,35.146622,31.034552,35.931327,32.665524,30.273504,29.994738,33.841585,30.703679,24.27961,23.219924,29.978451,27.653068,20.701306,20.576943,26.852749,22.687413,18.623662,20.236383,26.729804,52.903705,64.903484,68.814853,68.444854
17,每股指标,基本每股收益,51.53,36.18,21.38,68.64,48.42,33.19,19.16,59.49,42.09,28.64,16.55,49.93,35.34,23.72,13.73,41.76,29.67,19.63,11.11,37.17,26.93,17.99,10.42,32.8,24.24,15.88,8.93,28.02,19.69,12.55,6.77,21.56,15.91,8.96,4.87,13.31,9.92,7.01,3.89,12.34,9.09,6.28,3.47,12.22,8.51,6.33,3.24,13.25,9.69,6.35,3.46,12.82,10.04,6.74,2.86,8.44,6.33,4.73,1.81,4.87,4.02,3.28,1.34,4.57,4.01,2.96,1.29,4.03,3.33,2.37,0.93,3.0,1.69,0.9,0.57,1.64,1.07,0.61,0.92,2.37,,1.22,,2.09,,1.15,,1.94,,,,1.37,,0.95,,1.59,1.21,1.36,1.17,
18,每股指标,稀释每股收益,51.53,36.18,21.38,68.64,48.42,33.19,19.16,59.49,42.09,28.64,16.55,49.93,35.34,23.72,13.73,41.76,29.67,19.63,11.11,37.17,26.93,17.99,10.42,32.8,24.24,15.88,8.93,28.02,19.69,12.55,6.77,21.56,15.91,8.96,4.87,13.31,9.92,7.01,3.89,12.34,9.09,6.28,3.47,12.22,8.51,6.33,3.24,13.25,9.69,6.35,3.46,12.82,10.04,6.74,2.86,8.44,6.33,4.73,1.81,4.87,4.02,3.28,1.34,4.57,4.01,2.96,,4.03,3.33,2.37,,3.0,1.69,0.9,,1.64,1.07,0.61,,,,,,,,,,,,,,,,,,,,,,
19,每股指标,摊薄每股收益_最新股数,51.607668,36.256521,21.439042,68.85746,48.573823,33.296017,19.217307,59.67887,42.224287,28.732149,16.605747,50.082197,35.455459,23.791916,13.770964,41.892032,29.758892,19.687432,11.143331,37.290103,27.012623,18.048544,10.456026,32.905414,24.319715,15.931885,8.96087,28.111844,19.750971,12.588485,6.793187,21.624214,15.958094,8.984371,4.889615,13.350443,9.954383,7.029343,3.904326,12.379988,9.123141,6.299145,3.48559,12.257581,8.539154,5.773397,2.954143,12.087359,8.8401,5.787844,2.869267,10.627162,8.320935,5.586431,2.371066,6.997807,5.24574,3.918624,1.504463,4.033629,3.333285,2.47531,1.010694,3.443702,3.024068,2.228174,0.971842,3.034074,2.511246,1.7884,0.697416,2.260559,1.270088,0.678546,0.428084,1.201112,0.759415,0.483322,0.35902,0.893211,0.560969,0.383932,0.294776,0.655253,0.411707,0.278761,0.208823,0.468547,0.283085,0.20165,0.173771,0.300892,0.246951,0.190275,0.164859,0.262156,0.178402,0.199285,0.172239,0.1173
20,每股指标,摊薄每股净资产_期末股数,205.283142,189.975286,205.66653,185.564713,189.229319,173.997764,190.839202,171.683608,173.387204,159.93987,173.759014,157.225774,164.551135,152.924213,164.610215,150.883379,138.790563,128.751833,139.52759,128.421443,118.175861,109.239591,118.694734,108.271444,99.712176,91.350974,98.756619,89.825475,81.491647,74.349498,79.571821,72.800257,67.151989,60.19962,62.902329,58.027595,54.643277,51.726655,54.783384,50.888465,47.642248,53.681657,50.600422,46.786774,42.680066,39.647245,44.585338,41.054746,37.133032,33.456165,36.354728,32.893769,30.109791,26.813554,26.932127,24.072106,21.958734,22.393739,21.490537,19.494356,18.565113,17.426718,16.66841,15.327381,14.770595,13.714572,13.203622,11.914144,11.220592,10.261376,9.649816,8.724418,7.284003,6.4991,6.167128,6.248151,5.66241,5.299663,11.743068,10.790204,9.988259,11.824595,11.540465,10.601777,9.825879,13.775369,13.469188,12.505972,11.661195,11.292479,11.165289,10.373983,11.360927,11.077029,10.949585,10.123662,3.03538,2.399813,1.542496,
21,每股指标,调整每股净资产_期末股数,193.492986,178.30908,194.367887,173.925748,177.374489,162.842119,180.191794,160.860289,162.484175,149.677094,163.995145,148.565434,156.064575,144.877999,157.205898,144.049338,133.410917,123.459315,134.277439,123.574979,113.532101,104.468898,114.269213,103.506065,95.950636,87.621431,95.19901,86.070584,77.447057,70.467396,75.581572,68.789519,62.635562,55.817311,58.494232,53.676848,50.946276,48.016824,51.085436,46.958827,44.001857,50.035042,46.825542,42.925442,38.720283,35.560379,40.252604,36.81971,35.516645,32.171779,34.883315,31.433088,29.053585,25.656446,25.682424,22.79597,21.152057,21.580372,20.64654,18.700272,17.782664,16.738932,15.947909,14.572517,14.164645,13.107648,12.487505,11.244473,10.866311,9.922668,9.296188,8.391083,6.938057,6.115723,5.76994,6.105585,5.523647,5.162207,11.498922,10.541312,9.742168,11.591095,11.317635,10.376377,9.685656,13.594525,13.302342,12.382831,11.557585,11.197253,11.072358,10.291632,11.286463,11.002111,10.879739,10.054963,2.944305,2.335846,1.491807,
22,每股指标,每股净资产_最新股数,205.283142,190.571119,206.311576,186.146713,189.822813,174.543485,191.437744,172.222072,173.931011,160.441501,174.303987,157.718893,165.067229,153.403841,165.126494,151.356605,139.225862,129.155647,139.9652,128.824221,118.546505,109.582206,119.067004,108.611023,100.02491,91.637485,99.066356,90.107201,81.747235,74.582686,79.821388,73.028585,67.362603,60.388429,63.099614,58.209591,54.814658,51.888889,54.955205,51.04807,47.791672,48.954566,46.144658,42.666831,38.921751,36.155994,36.962954,34.035958,30.784706,27.736442,30.139463,27.270195,24.962171,22.229464,22.327765,19.956699,18.204632,16.877516,16.196799,14.692335,13.991991,13.134016,12.5625,11.551806,11.132172,10.336278,9.95119,8.979347,8.456637,7.733703,7.272788,6.575342,5.489743,4.898185,4.647986,4.709051,4.267596,3.994203,4.425206,4.066133,3.763931,3.713273,3.624048,3.329272,3.085617,3.025087,2.957849,2.746326,2.560812,2.479841,2.45191,2.278138,2.268066,2.211389,2.185946,2.021061,0.448421,0.354528,0.227875,0.186933
23,每股指标,每股经营现金流,30.502044,10.443467,7.012586,73.605997,35.361776,29.152919,7.313674,53.011753,39.804246,24.189803,4.175135,29.214026,7.487146,-0.008887,-5.473707,50.970218,29.256775,17.289849,-1.182053,41.131316,19.989688,10.046955,1.833397,35.990042,21.744507,19.174464,0.946674,32.944839,22.465638,14.118024,3.92892,17.63499,18.139473,5.520914,4.863067,29.813178,25.899848,10.829474,5.919485,13.88025,9.093626,4.292203,1.849069,11.061772,6.724527,3.755473,0.167519,12.189624,8.90512,5.023237,0.761167,11.482893,7.283481,4.295699,1.290239,9.775342,8.694964,5.645155,3.614252,6.570752,4.200473,1.871565,0.873884,4.475457,2.201252,0.58083,-0.138551,5.559958,3.25133,1.584744,1.051798,1.84711,1.640452,0.72665,0.403203,2.230526,1.578861,0.630294,0.470871,3.589123,1.872685,1.110246,0.616099,2.481333,0.94768,-0.138125,-0.659575,3.424386,1.59774,-0.123512,0.033135,1.580299,,-0.720483,,0.169132,-0.466383,2.395268,,
24,每股指标,每股现金流量净额,-8.35892,-21.560956,5.236689,15.610519,3.842225,-4.054588,6.693595,-1.606872,5.541706,-2.14022,4.330885,-20.905822,-18.413636,-23.910086,-6.464291,25.394139,4.741878,-6.814992,-2.348934,20.487764,-0.064392,-9.621122,1.139668,18.118604,4.765913,3.119155,0.454301,18.56014,8.567792,2.499855,3.45772,9.658738,10.464828,4.856512,4.623989,22.300874,18.689661,7.773833,5.179343,7.78799,3.213359,3.117054,1.056441,2.631779,-1.133902,-3.340989,-1.840627,-0.067673,-1.865481,-3.811432,-0.314748,3.667292,0.419332,2.626874,0.574791,5.168945,5.201345,4.665494,3.29529,3.332529,1.359946,0.557013,0.251412,1.747648,-0.210257,-0.315653,-0.457089,3.571747,1.779306,0.363599,0.891859,0.263281,0.295787,0.35563,0.192057,0.605116,0.203346,-0.501048,0.177407,2.105662,0.675312,0.424379,0.321927,1.419656,0.201504,-0.608208,-0.905193,2.035417,0.321764,-0.887485,-0.346727,-0.640468,,-1.770545,,5.981811,-0.673212,1.419421,,
25,每股指标,每股企业自由现金流量,,31.094765,,54.072659,,29.965878,,54.032196,,26.526746,,45.373229,,24.420683,,24.625388,,22.354173,,21.25749,,20.949675,,15.56851,,15.13216,,12.457362,,12.835572,,6.761669,,7.317408,,7.702567,,6.785737,,5.863806,,-0.012381,,5.440321,,5.02901,,6.925423,,5.009324,,1.812596,,2.957334,,2.251177,,1.846816,,1.238451,,0.822878,,0.755109,,0.870405,,0.904923,,1.524836,,0.56586,,0.726465,,0.743335,0.703982,0.738232,0.074854,0.420395,0.22016,0.003645,-0.01222,0.55972,0.418098,0.387826,0.291557,0.00847,-0.081651,0.006509,-0.017457,-0.18708,,-0.379381,,-6.66341,,0.463098,,
26,每股指标,每股股东自由现金流量,,31.094765,,54.072659,,29.965878,,54.032196,,26.526746,,45.373229,,24.420683,,24.625388,,22.354173,,21.25749,,20.949675,,15.56851,,15.13216,,12.457362,,12.835572,,6.761669,,7.317408,,7.702567,,6.785737,,5.819292,,-0.061345,,5.499325,,5.02901,,6.925423,,5.009324,,1.812596,,2.957334,,2.251177,,1.846816,,1.238451,,0.822878,,0.755109,,0.870405,,0.904923,,1.524836,,0.56586,,0.726465,,0.743335,0.703982,0.738232,0.074854,0.014156,0.22016,0.003645,-0.01222,0.55972,0.418098,0.387826,0.291557,0.00847,-0.081651,0.006509,-0.017457,-0.18708,,-0.379381,,-7.17941,,0.217368,,
27,每股指标,每股未分配利润,168.394174,152.564528,166.880478,145.508466,153.56147,138.331431,156.860998,137.703774,143.390661,129.940708,144.939662,128.40492,136.96673,125.339654,141.667045,127.939136,116.61963,106.579659,120.640926,109.532434,99.322753,90.386701,102.679775,92.25644,83.934182,75.572577,85.339566,76.406712,68.338113,61.198021,70.465187,63.693239,58.334008,51.382089,54.801025,49.926697,46.743629,43.827734,47.578682,43.686563,41.27192,46.77643,43.722457,39.900295,35.830569,32.797748,38.182551,34.65196,30.742219,27.065352,31.105562,27.644604,24.858464,21.562227,22.063933,19.203913,17.508639,17.598635,16.727326,14.731145,14.303911,13.165516,12.531484,11.190455,10.889523,9.8335,9.686035,8.396557,7.707753,6.748654,6.304698,5.379339,3.487035,2.702154,2.381524,1.763923,2.180949,1.814618,4.481132,3.528408,3.621452,3.782739,3.49883,2.560141,2.854632,3.576724,3.270542,2.307328,2.09433,1.725834,1.839467,1.048162,1.293673,1.009774,1.138247,0.312454,0.931569,0.577651,0.031152,
28,每股指标,每股资本公积金,1.097977,1.094544,1.094544,1.094544,1.094544,1.094544,1.094544,1.094544,1.094544,1.094544,1.094544,1.094544,1.094544,1.094544,1.094544,1.094544,1.094544,1.094544,1.094544,1.094544,1.094544,1.094544,1.094544,1.094544,1.094544,1.094544,1.094544,1.094544,1.094544,1.094544,1.094544,1.094544,1.094544,1.094544,1.094544,1.094544,1.094544,1.094544,1.094544,1.094544,1.094544,1.203998,1.203998,1.203998,1.203998,1.203998,1.324398,1.324398,1.324398,1.324398,1.324398,1.324398,1.324398,1.324398,1.324398,1.324398,1.324398,1.456838,1.456838,1.456838,1.456838,1.456838,1.456838,1.456838,1.456838,1.456838,1.456838,1.456838,1.456994,1.456877,1.456877,1.456838,1.456769,1.456747,1.456642,1.456292,1.456612,1.456118,3.912237,3.912098,3.911154,4.892622,4.892402,4.892402,4.892055,7.325399,7.325399,7.325399,7.325161,7.325041,7.324803,7.324803,8.15702,8.15702,8.156887,8.156758,0.483623,0.478014,0.478014,
29,每股指标,每股盈余公积金,38.732682,38.611582,37.124562,37.124562,32.733339,32.733339,31.045081,31.045081,27.064184,27.064184,25.887741,25.889855,24.657038,24.657038,20.015026,20.015026,19.34596,19.34596,16.060307,16.060307,16.047909,16.047909,13.211055,13.211055,13.062061,13.062061,10.702312,10.702312,10.585394,10.585394,6.540049,6.540049,6.394245,6.394245,5.680355,5.680355,5.6391,5.6391,4.943906,4.943906,4.178806,4.596686,4.596686,4.596686,4.620456,4.620456,4.06558,4.06558,4.066413,4.066413,2.924766,2.924766,2.926928,2.926928,2.543794,2.543794,2.125695,2.338265,2.306372,2.306372,1.804362,1.804362,1.680087,1.680087,1.424233,1.424233,1.060747,1.060747,1.055843,1.055843,0.88824,0.88824,1.340198,1.340198,1.32896,1.327935,1.024848,1.024848,2.049697,2.049697,1.37436,1.649233,1.649233,1.649233,1.079192,1.543245,1.543245,1.543244,1.241703,1.241603,1.001018,1.001018,0.910233,0.910233,0.65445,0.65445,0.620187,0.344146,0.03333,
30,每股指标,每股留存收益,207.126856,191.17611,204.00504,182.633028,186.294809,171.064771,187.906079,168.748855,170.454845,157.004892,170.827403,154.294775,161.623768,149.996692,161.682072,147.954163,135.965591,125.92562,136.701233,125.592742,115.370662,106.43461,115.89083,105.467495,96.996243,88.634638,96.041878,87.109024,78.923507,71.783415,77.005237,70.233288,64.728254,57.776334,60.48138,55.607053,52.382729,49.466835,52.522588,48.630469,45.450726,51.373116,48.319144,44.496982,40.451026,37.418205,42.248132,38.71754,34.808633,31.131766,34.030329,30.569371,27.785393,24.489155,24.607728,21.747708,19.634335,19.9369,19.033698,17.037518,16.108274,14.969879,14.211571,12.870542,12.313756,11.257733,10.746783,9.457305,8.763597,7.804498,7.192938,6.267579,4.827234,4.042353,3.710485,3.091858,3.205798,2.839467,6.53083,5.578105,4.995813,5.431973,5.148063,4.209374,3.933824,5.119969,4.813788,3.850572,3.336034,2.967438,2.840486,2.04918,2.203906,1.920008,1.792697,0.966904,1.551757,0.921798,0.064482,
31,每股指标,每股营业收入,102.576669,71.158661,40.281043,136.044779,96.144199,65.221398,36.439736,117.571934,82.207081,55.386197,30.851679,98.79005,69.384162,45.866078,25.709138,84.532989,59.419148,39.076073,21.709069,75.557671,53.506656,34.988761,19.427987,68.006466,48.507216,31.434371,17.229772,58.620443,41.587136,26.58555,13.903993,46.344501,33.792821,19.256545,10.594381,30.936362,21.20039,14.466857,7.951577,25.998758,18.427582,13.816703,7.481863,27.647971,19.017712,12.540852,7.175851,29.784624,21.129007,13.608302,6.902257,25.482416,19.198442,12.776626,5.794725,17.725592,13.140375,10.410916,4.47191,12.326005,9.883002,6.979515,3.220921,10.245813,8.272094,5.876251,2.662149,8.732449,6.872766,4.894805,2.112202,7.668394,4.723863,2.785641,1.68207,5.187737,3.442946,2.150309,2.870307,8.329127,5.467935,4.287716,2.909134,7.653638,5.264941,4.778578,3.103388,8.730974,5.646343,3.669263,2.668688,6.672357,5.455544,3.822616,2.872059,6.472186,4.723586,6.021626,4.815449,
32,每股指标,每股营业总收入,104.533261,72.51546,40.951712,138.627905,98.012066,66.431548,37.004314,119.853999,83.837036,56.509576,31.34801,101.539709,71.474317,47.320189,26.418737,87.139364,61.338393,40.377067,22.341016,78.00781,55.385287,36.327377,20.138939,70.732759,50.55626,32.775635,17.895689,61.454799,43.758448,28.062033,14.643598,48.609189,35.414307,20.294492,11.075812,31.965574,21.917515,14.916135,8.160233,26.625471,18.893775,14.173099,7.671088,28.211269,19.416196,12.798305,7.302914,29.927947,21.193224,13.617515,6.902257,25.482416,19.198442,12.776626,5.794725,17.725592,13.140375,10.410916,4.47191,12.326005,9.883002,6.979515,3.220921,10.245813,8.272094,5.876251,2.662149,8.732449,6.872766,4.894805,2.112202,7.668394,4.723863,2.785641,1.68207,5.188157,3.44334,2.150314,2.870311,8.329231,5.468032,4.287801,2.909138,7.653643,5.265152,4.778612,3.103388,8.734916,5.652846,3.675572,2.673544,6.684109,5.465452,3.825607,2.875173,6.476809,4.72879,6.016321,4.817499,
33,每股指标,每股息税前利润,71.398288,49.978092,29.480933,95.250169,66.913116,45.839938,26.409975,82.530934,58.300051,39.74712,22.84946,69.824603,49.295693,33.151894,18.847934,59.339032,42.086811,27.91267,15.569829,52.696272,37.990343,25.456567,14.708166,46.794025,34.393764,22.520443,12.647965,40.461465,28.31794,18.086297,9.687226,30.839851,22.650544,12.804042,6.945996,19.101618,14.358155,10.164276,5.73453,17.547456,12.824491,9.794974,5.425178,19.170467,13.207925,8.952011,5.093747,20.644166,14.760022,9.753035,4.819365,18.01289,13.762345,9.439765,3.927652,11.881042,8.728487,7.297464,2.75549,7.588913,6.101349,4.532466,1.850532,6.301021,5.525468,4.045363,1.720423,5.597372,4.600242,3.273364,1.253313,4.743887,2.616962,1.407177,0.897877,2.636349,1.645272,1.029947,1.418977,4.06918,2.408464,1.924475,1.408167,3.790648,2.170493,2.071718,1.434264,3.553798,2.123796,1.495405,1.233568,2.361346,2.05229,1.607544,1.341371,2.456536,2.023396,2.440678,1.972269,
34,盈利能力,净资产收益率(ROE),24.64,17.89,10.92,36.02,26.09,17.63,10.57,34.19,24.82,16.7,10.0,30.26,21.91,14.57,8.7,29.9,21.68,14.2,8.29,31.41,23.2,15.34,9.18,33.09,24.92,16.21,9.47,34.46,24.93,15.87,8.89,32.95,24.97,14.33,8.06,24.44,18.45,12.88,7.37,26.23,19.69,13.75,7.85,31.96,23.02,15.64,8.32,39.43,29.55,19.19,10.0,45.0,36.16,24.56,11.21,40.39,31.34,23.53,9.74,30.91,26.0,19.58,8.38,33.55,,22.08,,39.01,,23.94,,39.3,,14.88,,27.67,,11.27,,23.99,,10.9,,21.32,,9.66,,18.65,,,,13.86,,8.99,,26.79,40.16,68.86,,
35,盈利能力,摊薄净资产收益率,25.13975,19.025192,10.391584,36.990962,25.589033,19.076058,10.038411,34.652277,24.276456,17.908177,9.526888,31.754088,21.479405,15.509335,8.339645,27.677703,21.374543,15.243183,7.961501,28.946499,22.78652,16.470324,8.781632,30.29657,24.313658,17.385773,9.045321,31.198221,24.161026,16.878563,8.510485,29.610617,23.689843,14.877637,7.749041,22.935126,18.160075,13.546913,7.104561,24.251627,19.089394,12.867329,7.553617,28.728595,21.939287,15.968023,7.992174,35.513497,28.715883,20.86729,9.519968,38.969881,33.334179,25.130751,10.619362,35.064954,28.815416,23.218018,9.288647,27.453971,23.822809,18.84656,8.045328,29.810944,27.17,21.56,9.77,33.79,29.7,23.12,9.59,34.38,23.14,13.85,9.21,25.51,17.79,12.1,8.11,21.97,14.9,10.34,8.13,19.68,13.34,9.21,7.06,17.06,11.05,8.13,7.09,13.21,10.89,8.6,7.541774,12.97,39.78,56.56,83.05,0.627496
36,盈利能力,净资产收益率_平均,26.368795,19.248635,10.925513,38.428268,26.833039,19.203762,10.568837,36.177815,25.464801,18.062631,10.003413,32.407743,22.410106,15.613519,8.702495,29.903568,22.203978,15.262766,8.291495,31.410756,23.783163,16.543634,9.184923,33.117661,25.581912,17.53216,9.473703,34.464349,25.522036,17.056266,8.888699,32.954153,25.416605,15.150963,8.061408,24.438457,18.806209,13.657569,7.366425,26.420532,20.170886,13.75038,7.849414,31.96124,23.408505,16.450312,8.321659,39.432775,30.454277,21.044165,9.995765,45.004707,37.048728,26.484661,11.214834,40.39251,31.891939,24.825107,9.741053,30.739276,26.098589,20.054509,8.382529,33.546118,30.073001,23.071211,10.267458,39.011693,33.412049,24.996785,10.072357,39.598904,24.586288,13.933014,9.021869,27.375195,18.225104,11.992611,8.456158,24.155836,15.817103,10.903222,8.478715,21.569994,14.119051,9.660062,7.321787,18.652457,11.701477,8.477177,7.348323,13.997594,11.515251,8.991252,7.837359,22.070846,44.436705,68.435359,83.045037,62.749566
37,盈利能力,净资产收益率_平均_扣除非经常损益,26.390775,19.243245,10.926494,38.433955,26.811463,19.192012,10.56278,36.186767,25.435628,18.046082,9.99552,32.44672,22.406783,15.597228,8.701535,29.972517,22.258113,15.259753,8.300409,31.625421,23.835892,16.595655,9.228026,33.278754,25.648579,17.602825,9.541488,34.83815,25.723726,17.186083,8.892745,33.130273,25.547813,15.190037,8.094407,24.783912,18.926442,13.651845,7.361929,26.61443,20.340145,13.75328,7.852533,32.317355,23.623228,16.49607,8.334522,40.253096,31.131459,21.609729,10.495834,45.320197,37.308527,26.483612,11.209622,40.399643,31.903791,24.834312,9.734233,30.733385,26.101501,20.064942,8.396386,33.512423,30.076016,23.065028,10.266463,39.044121,33.471452,25.068763,10.067423,39.629982,24.562221,13.909214,9.009383,27.254715,18.212138,11.98047,8.45203,24.141679,15.797295,10.885024,,21.52409,,9.659447,7.321534,18.612922,11.670694,8.464303,,14.04923,11.52111,8.990397,,22.513335,,,,
38,盈利能力,摊薄净资产收益率_扣除非经常损益,25.160705,19.019864,10.392517,36.996435,25.568457,19.064386,10.032658,34.660852,24.248645,17.89177,9.519372,31.792279,21.47622,15.493153,8.338724,27.74152,21.426655,15.240174,7.97006,29.144324,22.837039,16.522115,8.822842,30.443939,24.37702,17.455847,9.110041,31.536597,24.35196,17.007027,8.514359,29.768868,23.812136,14.916006,7.780762,23.259331,18.276177,13.541236,7.100224,24.429608,19.249579,12.870043,7.556618,29.048692,22.140532,16.01244,8.004528,36.252285,29.35441,21.4281,9.996234,39.243066,33.567931,25.129755,10.614427,35.071147,28.826124,23.226627,9.282144,27.44871,23.825467,18.856365,8.058628,29.781001,27.17,21.55,9.77,33.82,29.75,23.19,9.58,34.41,23.11,13.83,9.2,25.39,17.782262,12.09,8.10912,21.95,14.885158,10.32,,19.64,,9.21,7.059743,17.02,11.025444,8.119234,,13.26,10.893755,8.603105,,13.231277,39.88,,,
39,盈利能力,息税前利润率,68.301981,68.920602,71.989502,68.709231,68.270284,69.003266,71.36999,68.859558,69.539733,70.336963,72.889667,68.765809,68.969799,70.058667,71.343055,68.0967,68.614141,69.13001,69.691677,67.552559,68.592842,70.075435,73.03347,66.156085,68.030673,68.710927,70.676047,65.839389,64.714224,64.451128,66.153314,63.444487,63.95874,63.09122,62.713204,59.756842,65.509956,68.142826,70.274092,65.904771,67.876804,69.109614,70.722409,67.953222,68.025297,69.946847,69.749518,68.979559,69.645008,71.621255,69.823032,70.687528,71.684697,73.883087,67.779787,67.027618,66.424942,70.094348,61.617757,61.568314,61.735789,64.939556,57.453506,61.498493,66.796493,68.842594,64.625343,64.098537,66.934361,66.87426,59.336817,61.862853,55.398765,50.515378,53.379285,50.814763,47.781281,47.897553,49.436352,48.854216,44.046267,44.882578,48.404973,49.52737,41.22376,43.353966,46.216082,40.684976,37.570399,40.684958,46.139828,35.327772,37.550249,42.020619,46.653584,37.928185,42.788886,40.567613,40.939706,41.462064
40,盈利能力,总资产报酬率,29.621501,21.238876,12.116172,41.862768,30.048457,20.867297,11.886318,39.330456,28.354479,20.128898,11.19279,34.428982,24.625988,16.825808,9.349706,31.817024,24.135856,16.451685,9.126526,33.395845,25.963321,18.003863,10.133278,34.286631,26.802581,17.411008,9.938451,34.522962,25.250719,17.177938,9.04713,31.300173,23.640915,13.787586,7.524836,24.087424,18.842432,14.042875,8.14015,28.970763,22.463711,16.186625,9.202974,36.08855,26.437633,18.474687,9.486989,42.671691,32.509027,22.851567,11.00846,46.810609,38.754043,26.269592,11.43654,40.783523,30.989931,24.376654,9.500151,31.582268,27.047913,20.814512,8.689277,33.481226,32.099697,24.067208,10.348959,40.271904,36.996492,28.398409,10.734718,44.656113,24.992563,13.416634,8.711958,28.523604,18.415627,12.260032,8.286994,26.612336,16.899162,11.551933,8.555269,26.313681,16.127392,11.397331,8.039989,21.993132,13.909787,10.448854,8.659772,17.564094,14.332006,11.674934,9.701932,25.955296,30.14752,41.350129,44.042325,35.167062
41,盈利能力,总资本回报率,32.89477,24.325583,13.964965,49.37593,35.132951,24.478946,13.92562,47.248434,33.400529,23.696113,13.124892,41.518413,28.988294,19.788782,10.991986,38.496079,28.404593,19.401369,10.672551,41.036626,31.198051,21.757638,12.147278,43.322698,33.200956,21.543503,12.23903,44.935301,31.905145,21.813867,11.560706,41.74962,31.62776,19.138453,10.073585,31.250828,23.88688,17.913917,9.890374,34.620002,26.054642,18.367146,10.49474,42.574116,30.71536,21.56277,11.23316,53.887345,40.371237,28.085051,13.919047,63.240983,50.800527,37.101869,15.401279,56.854913,43.993418,34.842664,13.446373,43.587218,36.004133,27.675717,11.567349,46.260412,41.412948,31.568993,13.698857,54.24188,46.129257,34.482253,13.642076,63.367715,38.677681,22.078131,14.464066,45.285448,29.75845,19.260785,12.594507,41.467974,25.589687,17.162028,12.718847,39.183929,23.37469,15.765696,11.043355,31.064732,19.27642,13.803868,11.454135,24.123297,19.10477,15.165014,12.730563,39.572011,60.20509,87.43823,80.967652,59.097427
42,盈利能力,投入资本回报率,25.601791,17.593471,10.124727,35.588809,25.427126,17.72723,10.102379,34.066772,24.120865,17.079793,9.510723,29.691963,20.78845,14.159865,7.850783,27.099388,20.028753,13.648538,7.540206,28.948453,22.012154,15.377796,8.605117,30.369139,23.402468,15.193107,8.643775,31.122567,22.179439,15.135491,8.078334,29.183323,22.169531,13.388177,7.03505,21.822319,16.507063,12.354342,6.708596,24.413513,18.392599,13.012255,7.382819,29.870436,21.580496,15.249236,7.80693,38.058026,28.259537,20.103776,9.67718,45.005154,35.991084,26.484661,10.847257,40.39251,30.834487,24.825107,9.464572,30.739276,25.239943,19.408996,8.076227,32.506575,29.354881,22.345369,9.581498,37.959252,32.751385,24.48199,9.614724,38.973008,23.996431,13.392464,8.57165,27.375195,17.947816,11.992611,8.403134,24.155054,15.49627,10.902851,8.392363,21.569143,13.508164,9.660062,7.132867,18.652457,11.297288,8.477177,7.273656,13.997594,10.947051,8.991252,7.736303,21.595325,36.146715,49.620855,50.365948,42.770764
43,盈利能力,息前税后总资产报酬率_平均,22.165718,15.896773,9.087669,31.260422,22.535129,15.64853,8.915706,29.413516,21.230854,15.052549,8.394765,25.665525,18.421316,12.569571,7.089112,23.789304,18.07277,12.301999,6.892929,24.984137,19.504118,13.471191,7.603018,25.64678,20.107069,13.045288,7.453501,25.694511,18.861132,12.793766,6.788122,23.436017,17.74838,10.32527,5.644208,18.037074,13.925689,10.316595,5.889623,21.680825,16.909437,12.156679,6.874992,26.835942,19.938862,13.850871,7.091495,31.786012,24.741376,17.199295,8.30219,35.065693,29.668052,19.698997,8.777334,30.585422,23.702108,18.285308,7.274219,23.545373,20.719307,15.933273,6.688517,25.632885,24.496983,18.462228,8.150753,30.498637,28.155679,21.619504,8.322299,29.583216,16.890694,9.030817,5.771953,18.047255,11.788911,7.99713,5.798046,16.202645,10.923079,7.673381,5.931651,15.078036,10.166701,7.283082,5.530858,13.699447,8.807556,6.669348,5.746873,10.618619,8.941764,7.156713,6.18548,14.75924,17.992744,23.378659,26.035289,19.800717
44,盈利能力,毛利率,91.293383,91.299309,91.973609,91.931216,91.531375,91.760284,92.613316,91.964937,91.707471,91.798081,92.595575,91.866654,91.874375,92.109102,92.367676,91.540291,91.191403,91.378421,91.676283,91.409188,91.325,91.462828,91.672154,91.302761,91.489438,91.866801,92.111252,91.142012,91.123837,90.942146,91.305516,89.796196,89.933118,89.618746,91.156137,91.225136,91.643855,91.881424,92.341366,92.227894,92.45293,92.611039,93.214204,92.593412,92.663719,93.104532,93.195341,92.90494,93.431419,93.399097,93.285855,92.272611,91.827604,92.011381,91.987067,91.570459,91.527336,91.399474,90.710701,90.948973,91.194979,91.359234,90.283028,90.168842,90.480488,90.414359,89.992254,90.296726,90.519718,90.43113,89.926708,87.95645,85.137288,85.195754,85.026817,83.840897,83.498842,83.125221,83.200227,82.518657,82.541052,82.556127,82.80489,82.222825,82.229151,82.502107,82.278168,80.11726,80.503338,80.482701,81.457569,81.440036,83.078078,83.428258,83.90676,82.229284,,82.328249,85.504624,87.786171
45,盈利能力,销售净利率,52.080088,52.564068,54.889545,52.273359,52.188674,52.699132,54.357326,52.488038,53.091938,53.656376,55.539348,52.679467,53.13661,53.986559,55.586597,52.472406,53.01955,53.387934,54.167769,52.176295,53.337354,54.43918,56.802415,51.469296,53.191901,53.67869,55.053223,51.371804,50.862376,50.667722,52.275556,49.823924,50.320927,49.79092,49.17733,46.139044,50.053506,51.598975,52.179468,50.383363,52.386505,53.011644,54.168683,51.527865,52.378628,53.517224,53.06075,51.629915,53.165243,53.942429,52.658052,52.951325,54.878024,55.403324,52.01974,50.267064,50.803958,52.578862,47.180412,45.900724,47.290996,49.710493,44.224484,47.08262,50.97595,52.809936,50.898374,48.542974,50.939489,50.910891,46.002026,40.982119,37.440081,34.002206,35.365495,32.153761,30.591069,31.243296,34.588499,29.744754,28.470605,29.813879,33.560804,28.379759,25.988483,27.704095,31.792904,25.353975,23.81665,26.013248,30.675429,21.395516,23.470211,25.778715,29.77631,21.159204,25.565542,22.916034,24.211499,23.383486
46,盈利能力,成本费用利润率,433.064234,438.396459,512.864581,435.166662,437.791514,464.271859,541.566706,421.167446,454.017999,474.346733,547.610611,414.727713,437.064942,458.6437,498.765325,386.187198,396.178813,404.423265,438.363934,382.478146,397.701198,407.939814,433.958613,347.145127,359.932694,355.175144,392.864813,352.007025,318.287191,295.801933,332.181014,285.035278,305.483932,273.304451,280.415417,259.139409,318.393539,344.059675,392.231246,283.203022,309.449464,312.65692,357.291064,301.052445,315.496825,332.648407,344.308289,331.887453,391.095928,382.747892,423.290178,370.15468,421.344851,464.312216,403.493386,343.136285,381.383588,413.968316,308.678419,247.073568,292.195388,325.457059,254.819503,228.98086,290.612714,319.277754,297.399197,248.123509,285.247283,283.180258,213.255742,214.269248,162.863654,139.18904,167.154482,135.367816,124.233554,127.823882,133.399591,129.617921,112.381337,113.804358,132.608322,124.518669,100.16244,104.278878,120.667931,87.377457,86.222391,93.831267,125.172535,74.728045,86.599049,102.083845,132.038118,87.861601,193.220432,95.044486,96.948553,75.200193
47,盈利能力,营业利润率,68.362899,68.905896,71.994778,68.729632,68.222058,68.963629,71.329516,68.881793,69.478077,70.282739,72.845087,68.895957,69.010346,70.040918,72.398084,68.287921,68.813486,69.145649,70.244956,67.999669,68.97004,70.299893,73.366509,66.447503,68.199053,68.972909,71.155909,66.506991,65.196284,64.904808,66.200099,63.77047,64.370944,63.245607,63.177552,60.42977,65.919997,68.098965,70.262961,66.251338,68.655768,68.898146,70.822733,68.606098,69.076204,70.137041,70.167531,70.135586,72.779438,73.547633,74.94195,71.179365,73.689078,73.879414,69.365596,67.035791,68.042383,70.117208,62.841425,61.55533,63.226572,66.50339,59.066638,62.828553,67.962361,70.410064,67.852191,65.403912,68.007924,68.058768,61.298697,62.526898,56.202517,51.686879,54.994649,50.795203,48.197161,47.85526,49.620297,48.829641,44.546695,44.811547,48.731491,49.442133,42.293358,43.351441,47.005125,40.632737,38.298105,40.62833,46.426537,35.320851,38.662796,42.015957,47.016971,37.685858,42.636145,40.052139,39.680535,34.799696
48,盈利能力,总资产净利率_平均,21.41083,15.359533,8.78354,30.168465,21.74469,15.109653,8.622077,28.35129,20.471755,14.505158,8.10888,24.617225,17.65663,12.03752,6.809866,22.391879,17.012708,11.567463,6.511435,23.558419,18.40322,12.724715,7.181218,24.034871,18.892761,12.27875,7.01921,23.910893,17.556606,11.918864,6.324483,21.878363,16.603769,9.644258,5.280525,16.782471,13.02245,9.681315,5.524853,20.375394,15.930366,11.414775,6.483705,25.30313,18.742847,13.065337,6.636636,30.136952,23.485485,16.357556,7.905569,33.312223,28.26325,18.752188,8.327808,28.974609,22.465383,17.368162,6.882263,22.272952,19.606426,15.08271,6.296872,24.279186,23.309962,17.588766,7.756669,28.964246,26.797063,20.586501,7.925766,28.234531,16.094059,8.584053,5.511203,17.242608,11.278367,7.633635,5.564024,15.50166,10.445096,7.338819,5.702969,14.4846,9.741454,6.983449,5.330544,13.204229,8.442882,6.416147,5.555042,10.191602,8.638504,6.922003,5.972832,13.874629,17.992744,22.854285,26.035289,19.800717
49,盈利能力,总资产净利率_平均(含少数股东损益),22.163562,15.895295,9.086874,31.255358,22.532546,15.646447,8.914822,29.408727,21.227094,15.050025,8.393479,25.660805,18.417848,12.567382,7.089112,23.783529,18.066713,12.295977,6.892929,24.984137,19.504118,13.471191,7.603018,25.64678,20.107069,13.045288,7.453501,25.694511,18.861132,12.793766,6.788122,23.435305,17.74838,10.324515,5.644208,17.9994,13.925689,10.313234,5.889623,21.626465,16.909437,12.103994,6.874992,26.818975,19.938862,13.850871,7.091495,31.786012,24.741376,17.199295,8.30219,35.065362,29.668052,19.698997,8.777334,30.585422,23.702108,18.285308,7.274219,23.545373,20.719307,15.933273,6.688517,25.632885,24.496983,18.462228,8.150753,30.498637,28.155679,21.619504,8.322299,29.583216,16.890694,9.030817,5.771953,18.047255,11.788911,7.99713,5.798046,16.202645,10.923079,7.673381,5.931651,15.078036,10.166701,7.283082,5.530858,13.699447,8.807556,6.669348,5.746873,10.618619,8.941764,7.156713,6.18548,14.469487,17.992744,23.378659,26.035289,19.800717
50,成长能力,归母净利润,64626746712.18,45402962298.1,26847474238.76,86228146421.62,60827552118.51,41695610983.37,24065262374.15,74734071550.75,52876217064.12,35980415090.77,20794882754.55,62717467870.12,44399815583.54,29793908077.83,17244968587.32,52460144378.16,37266174159.97,24653985551.58,13954462085.61,46697285429.81,33827103961.22,22601655085.51,13093770211.16,41206471014.43,30454855385.44,19951025609.22,11221431345.08,35203625263.22,24733552720.33,15764185782.66,8506906678.2,27079360255.74,19983846984.1,11250860929.71,6123119324.13,16718362734.16,12465577764.14,8802637138.02,4889271595.32,15503090276.38,11424637743.71,7888232276.17,4364901720.89,15349804322.27,10693329220.86,7229853849.52,3699386271.72,15136639784.35,11070194524.15,7247944730.16,3593098133.67,13308079612.88,10420059216.87,6995721596.41,2969215795.73,8763145910.23,6569084644.22,4907177141.53,1883994974.93,5051194218.26,4174173993.26,3099757305.23,1265662575.41,4312446124.73,3786951421.67,2790276484.1,1217009471.66,3799480558.51,3144758854.4,2239561076.0,873354083.28,2830831594.36,1590494595.65,849723688.96,536077463.36,1544812417.93,1009007285.32,574069211.31,432449600.74,1118541629.37,702485675.25,480786925.85,369139390.74,820553997.19,515569148.98,349084192.5,261503821.72,586747838.27,354499724.25,252520818.55,217609019.5,376183499.47,309250570.0,238275978.99,206448262.49,328290723.14,223407942.67,249558877.77,215690128.65,146891419.61
51,成长能力,营业总收入,130903889634.88,91093762553.97,51443450583.77,174144069958.24997,123122542625.45,83451164646.53,46484738134.23,150560330316.44998,105315900448.1,70987206095.38,39379301807.75,127553959355.97,89785880318.36,59443518511.24,33187160227.05,109464278563.89,77053154965.96,50721582926.18,28064735731.77,97993240501.21,69574876860.53,45634371275.58,25298492025.94,88854337488.76,63508663046.7,41172681309.94,22480525254.69,77199384110.22,54969266451.42,35251464783.33,18395256845.96,61062756866.16,44487374571.44,25493896745.03,13913411369.3,40155084412.93,27532735151.02,18737617091.82,10250867583.69,33446859045.58,23734319250.48,16185651569.47,8760367928.22,32217213741.08,22173257722.32,14615639258.11,7581739634.14,31070596222.23,22002381371.16,14137431736.59,7165785851.61,26455335152.99,19931438600.48,13264437836.41,6015967741.62,18402355207.3,13642075480.07,9825823427.08,4220589097.94,11633283740.18,9327577784.12,6587266362.78,3039906100.41,9669999065.39,7807202385.78,5546006031.29,2512537167.2,8241685564.11,6486517281.01,4619717309.6,1993496395.46,7237430747.12,4458382249.26,2629088876.42,1587538095.68,4903375765.41,3252383811.75,2013492528.06,1353005869.77,3930564202.57,2580364529.21,1686177749.0,1144018545.84,3009795402.34,2070521111.48,1314118558.09,853431905.86,2402101953.86,1554532689.35,1010782352.89,735224645.92,1838129976.34,1366363003.04,956401891.61,718793418.69,1619202408.97,874826253.68,1113019554.91,891237329.51,629217329.19
52,成长能力,净利润,66898804746.17,46986681449.24,27774636011.61,89334728025.9,63031462239.55,43176914345.12,24882347326.74,77521476277.8,54827171371.97,37331971189.28,21524725630.16,65376039957.88,46313993773.41,31105364072.66,17952116145.8,55720529956.46,39574961191.11,26206683856.15,14772030035.62,49523329882.4,35850673342.16,23927546476.23,13862853487.24,43970000792.51,32412303335.96,21196527550.11,11915721111.34,37829617756.81,26571354958.67,16921352445.58,9130535753.3,29006423236.0,21361469066.81,12044438696.03,6544833459.07,17930643109.88,13330191781.89,9377202963.15,5212078652.48,16454996625.22,12126789326.87,8364520508.61,4628320416.91,16269371509.83,11375689707.88,7664538017.59,3952933461.0,15964899881.05,11662175309.98,7620914791.31,3773363242.99,14008450702.17,10937979773.7,7348939538.55,3129490790.74,9250323807.62,6930714312.61,5166306192.53,1991291329.64,5339761496.97,4411104477.83,3274562600.07,1344382797.81,4552888944.0,3979795618.2,2928842256.25,1278840567.82,4000759343.11,3304198781.0,2351939273.63,917048744.59,2966052508.95,1669221956.18,893948241.41,561440706.1,1616375200.07,1056601132.65,603117899.92,451416219.94,1169122125.71,734632419.82,502705034.94,383941417.26,854172175.46,538075474.88,364062064.43,271330791.21,608753496.06,369811690.47,262486045.78,225123681.74,391970948.88,320106986.66,246355376.97,213798332.79,342365808.77,223407942.67,255284811.38,215690128.65,146891419.61
53,成长能力,扣非净利润,64680616431.2,45390247623.82,26849883702.9,86240905977.42,60778641454.76,41670097819.99,24051471185.69,74752564425.52,52815640756.86,35947449205.45,20778475545.61,62791872697.72,44393231516.91,29762821731.41,17243064446.83,52581102656.24,37357031229.83,24649117714.43,13969463370.71,47016420742.73,33902100761.01,22672726309.64,13155216731.0,41406909012.08,30534220918.96,20031439180.39,11301721758.13,35585443648.6,24929011158.67,15884168512.98,8510778903.45,27224083628.17,20087008841.63,11279876578.52,6148184676.75,16954689021.77,12545273396.48,8798948190.99,4886287212.46,15616866431.94,11520504950.25,7889895890.08,4366636015.79,15520833325.69,10791417351.21,7249964632.09,3705104468.53,15451527453.0,11316351629.2,7442733784.56,3772853922.13,13401371441.07,10493128641.3,6995444556.93,2967835798.91,8764693473.02,6571525886.8,4908996693.16,1882675946.41,5050226243.98,4174639742.56,3101369957.67,1267754831.01,4308114570.85,3787331086.97,2789528657.62,1216891506.66,3802638842.13,3150349976.75,2246009857.71,872926245.78,2833053304.89,1588937728.74,848272230.67,535335504.43,1497497140.37,950316749.18,604637534.36,449371277.55,1117886088.6,701605938.99,479984464.29,,818807764.73,,349061958.57,261494793.49,585504178.23,353567132.9,252137318.98,,378188507.17,309407926.51,238253299.62,,334872479.88,,,,
54,成长能力,营业总收入增长率,6.320001,9.158168,10.667398,15.663979,16.907838,17.558035,18.043581,18.036579,17.296728,19.41959,18.658244,16.525647,16.524599,17.195708,18.252174,11.705948,10.748532,11.147763,10.934421,10.285263,9.551789,10.83653,12.535146,15.09721,15.534856,16.797079,22.20827,26.426299,23.561498,38.274133,32.212412,52.06731,61.579931,36.057304,35.72911,20.056368,16.003896,15.766838,17.014121,3.816733,7.040289,10.742002,15.545618,3.690362,0.776626,3.382562,5.804719,17.445483,10.390332,6.581461,19.11277,43.760593,46.102685,34.995686,42.538579,58.187108,46.255285,49.1639,38.839456,20.302842,19.47401,18.774958,20.989497,17.330356,20.360465,20.050766,26.036704,13.875846,45.49038,75.715524,25.571562,47.600981,37.080446,30.57356,17.334161,24.577097,25.944412,20.358993,18.398435,30.592405,24.623917,28.312452,34.049188,25.298403,33.19251,30.010041,16.077706,30.681833,13.771573,5.685942,2.285945,13.520704,,9.324781,,45.478343,,24.884754,41.642209,
55,成长能力,归属母公司净利润增长率,6.245844,8.891466,11.561111,15.379966,15.037639,15.884185,15.726848,19.159899,19.091073,20.764335,20.585216,19.55065,19.142403,20.848241,23.580317,12.340886,10.166611,9.080443,6.573292,13.325126,11.072942,13.28568,16.685383,17.051782,23.131746,26.559188,31.909656,30.001687,23.767724,40.115373,38.93093,61.973757,60.31224,27.81239,25.235818,7.838904,9.111361,11.592012,12.013326,0.998618,6.838922,9.106386,17.989888,1.408268,-3.404324,-0.2496,2.958119,13.740225,6.239266,3.605391,21.011687,51.864179,58.622696,42.561016,57.602108,73.486615,57.37448,58.30843,48.854442,17.130604,10.225179,11.091403,3.997758,13.500939,20.421043,24.590327,39.348918,34.217823,97.722071,163.56345,62.915649,83.247594,57.629644,48.017638,23.962991,34.471243,35.37548,25.887424,21.794308,36.31542,36.254404,37.728071,41.160227,39.847809,45.435698,38.239767,20.171407,55.973836,14.631874,5.978294,5.406079,14.775866,,6.655106,,31.548404,,15.702503,46.836438,
56,收益质量,经营活动净现金/销售收入,0.297358,0.146763,0.174091,0.541042,0.367799,0.446983,0.200706,0.450887,0.484194,0.436747,0.135329,0.295718,0.107908,-0.000193,-0.212909,0.602962,0.492379,0.442466,-0.054449,0.544369,0.373592,0.287148,0.094368,0.529215,0.448273,0.609984,0.054944,0.562002,0.540206,0.531041,0.282574,0.380519,0.536784,0.286703,0.459023,0.963693,1.221668,0.748571,0.744441,0.533881,0.493479,0.310653,0.24714,0.400093,0.353592,0.299459,0.023344,0.409258,0.421464,0.36913,0.110278,0.45062,0.379378,0.336215,0.222657,0.551481,0.661698,0.542234,0.808212,0.53308,0.425019,0.268151,0.271314,0.436808,0.266105,0.098843,-0.052044,0.6367,0.473074,0.32376,0.497962,0.240873,0.347269,0.260855,0.239706,0.429961,0.458578,0.293117,0.164049,0.430912,0.342484,0.258936,0.21178,0.324203,0.179998,-0.028905,-0.212534,0.392211,0.282969,-0.033661,0.012416,0.236842,,-0.188479,,0.026132,-0.098734,0.397777,,
57,收益质量,经营性现金净流量/营业总收入,0.291792,0.144017,0.17124,0.53096,0.36079,0.438841,0.197643,0.442302,0.474781,0.428065,0.133186,0.28771,0.104752,-0.000187,-0.20719,0.584927,0.476973,0.428209,-0.052909,0.527271,0.36092,0.276567,0.091037,0.508817,0.430105,0.585021,0.052899,0.536082,0.513401,0.5031,0.268302,0.362791,0.512207,0.27204,0.43907,0.932665,1.181696,0.726024,0.725406,0.521314,0.481302,0.302841,0.241043,0.392104,0.346335,0.293435,0.022938,0.407299,0.420187,0.36888,0.110278,0.45062,0.379378,0.336215,0.222657,0.551481,0.661698,0.542234,0.808212,0.53308,0.425019,0.268151,0.271314,0.436808,0.266105,0.098843,-0.052044,0.6367,0.473074,0.32376,0.497962,0.240873,0.347269,0.260855,0.239706,0.429926,0.458526,0.293117,0.164048,0.430906,0.342478,0.258931,0.21178,0.324202,0.179991,-0.028904,-0.212534,0.392034,0.282643,-0.033603,0.012393,0.236426,,-0.188331,,0.026113,-0.098626,0.398128,,
58,收益质量,成本费用率,16.071458,16.019709,14.269518,16.087024,15.89584,15.136943,13.381614,16.665003,15.61813,15.127032,13.523072,17.040121,16.253297,15.757409,14.906324,18.173456,17.873901,17.656122,16.474764,18.234535,17.910986,17.835085,17.450308,19.821162,19.699604,20.1711,18.685607,19.608355,21.396217,22.998684,20.980148,23.345628,21.97176,24.327542,23.459708,23.789628,21.272663,20.415711,18.394377,23.787456,22.562391,22.60034,20.315878,23.020938,22.152879,21.458932,20.710619,20.884033,18.262554,18.725052,16.872862,19.096619,17.367517,15.912372,17.199157,19.533818,17.835474,16.932297,20.372246,24.919021,21.632133,20.418735,23.143781,27.461011,23.383276,22.057734,22.818289,26.334555,23.801452,23.968,28.757637,29.160078,34.54094,37.193502,32.942224,37.541325,38.823667,37.471606,37.214924,37.691412,39.684854,39.439146,36.749238,39.77508,42.234213,41.575317,38.955424,46.583347,44.538633,43.434248,37.168758,47.358381,44.731736,41.195054,35.652516,42.716684,22.090375,42.014254,40.940515,46.352163
59,收益质量,期间费用率,7.364841,7.319019,6.243127,8.01824,7.427215,6.897228,5.994931,8.629941,7.325601,6.925114,6.118648,8.906776,8.127673,7.866512,7.274,9.713747,9.065305,9.034543,8.151048,9.643724,9.235986,9.297913,9.122463,11.123923,11.189043,12.037901,10.796859,10.750368,12.520054,13.940831,12.285664,13.141824,11.904878,13.946289,14.615846,15.014765,12.916519,12.297136,10.735744,16.01535,15.015322,15.21138,13.530082,15.614351,14.816598,14.563464,13.905961,13.788973,11.693974,12.12415,10.158718,11.36923,9.195121,7.923753,9.186224,11.104277,9.362811,8.331772,11.082948,15.867994,12.827112,11.77797,13.42681,17.629853,13.863765,12.472094,12.810543,16.631281,14.32117,14.39913,18.684345,17.116529,19.678228,22.389257,17.969042,21.382223,22.32251,20.596827,20.415152,20.21007,22.225906,21.995273,19.554129,21.997906,24.463364,24.077424,21.233592,26.700608,25.041972,23.916949,18.626328,28.798418,27.809815,24.623313,19.559276,24.945969,22.090375,24.342504,26.445139,34.138334
60,收益质量,销售成本率,8.706616,8.70069,8.02639,8.068783,8.468624,8.239715,7.386683,8.035062,8.292528,8.201918,7.404424,8.133345,8.125624,7.890897,7.632323,8.459708,8.808596,8.621578,8.323716,8.590811,8.674999,8.537171,8.327845,8.697238,8.510561,8.133198,7.888747,8.857987,8.876162,9.057853,8.694483,10.203803,10.066881,10.381253,8.843862,8.774863,8.356144,8.118575,7.658633,7.772105,7.547069,7.38896,6.785795,7.406587,7.33628,6.895467,6.804658,7.095059,6.56858,6.600902,6.714144,7.727388,8.172395,7.988618,8.012932,8.42954,8.472663,8.600525,9.289298,9.051026,8.80502,8.640765,9.716971,9.831157,9.519511,9.58564,10.007745,9.703273,9.480281,9.568869,10.073291,12.043549,14.862711,14.804245,14.973182,16.159102,16.501157,16.874778,16.799772,17.481342,17.458947,17.443872,17.195109,17.777174,17.770848,17.497892,17.721831,19.882739,19.496661,19.517298,18.54243,18.559963,16.921921,16.571741,16.093239,17.770715,,17.67175,14.495375,12.213828
61,收益质量,经营活动净现金/归属母公司的净利润,0.591037,0.288947,0.32812,1.072314,0.730283,0.878313,0.381771,0.891069,0.945642,0.844547,0.252215,0.585151,0.211832,-0.000374,-0.398728,1.22052,0.98621,0.880971,-0.106409,1.106468,0.742333,0.558408,0.175893,1.097172,0.896914,1.207302,0.105976,1.175595,1.141012,1.12502,0.580175,0.818078,1.140259,0.616429,0.99769,2.240126,2.610014,1.545441,1.52089,1.1247,0.999891,0.621392,0.483775,0.822976,0.718148,0.593199,0.047012,0.836052,0.835135,0.719517,0.219929,0.895794,0.725673,0.63749,0.451129,1.158096,1.374154,1.085735,1.810584,1.227724,0.949746,0.569845,0.651652,0.979475,0.548605,0.196463,-0.107447,1.381106,0.975784,0.667845,1.136637,0.615827,0.973445,0.807101,0.709865,1.399606,1.566918,0.982852,0.494236,1.51421,1.25799,0.908103,0.65634,1.189177,0.722842,-0.108811,-0.693616,1.604959,1.239433,-0.134507,0.041874,1.153354,,-0.755933,,0.128797,-0.386203,1.775631,,
62,收益质量,所得税/利润总额,25.172005,25.154224,24.997175,25.329497,25.006187,25.011804,24.993719,25.217473,25.126788,25.22237,25.001332,25.45721,25.199175,25.299175,25.234151,25.235473,25.126965,25.232707,24.995568,25.187888,25.121857,25.176108,24.990655,25.19889,24.981788,25.074481,25.004984,25.57269,25.313778,25.522107,24.990665,25.125531,25.028635,25.113211,25.244965,25.157641,26.099329,26.541375,27.677675,25.21039,24.968338,24.978067,25.373938,25.650685,25.057366,25.02784,25.589741,25.510305,25.564006,24.734725,26.271089,25.090463,25.0066,25.012169,25.040861,25.005444,25.311991,24.988442,24.973181,25.447489,25.182058,25.195878,25.011306,25.123606,24.985477,25.012983,24.996586,25.709637,24.970921,24.990558,24.989332,34.408754,33.445341,34.31972,35.774308,36.7287,36.575187,34.770727,30.327711,39.116034,36.162227,33.57492,31.132671,42.698871,38.565599,36.098355,32.36517,37.710339,37.981147,36.171492,34.066891,39.543596,39.411789,38.700184,36.746964,43.622905,38.318531,42.612689,39.000389,32.915792
63,财务风险,流动比率,6.619318,5.729739,6.074894,4.454078,6.156911,4.571369,6.480986,4.623892,5.958796,6.35364,6.942731,4.414725,6.194166,4.947969,5.976683,3.811942,4.432428,4.052177,5.748722,4.064752,5.179593,4.892175,6.116872,3.869839,4.417667,3.137208,4.510681,3.248532,3.04651,3.226219,3.822933,2.9099,2.661088,2.358076,2.626441,2.435967,2.467072,2.624532,3.502337,3.241841,3.667641,6.149086,5.719622,4.511725,5.063729,4.505308,4.725949,3.708367,4.222083,4.43299,5.056526,3.802597,4.612951,2.872224,3.719545,2.935392,2.756284,2.72236,2.758882,2.888408,3.5358,3.615586,3.663211,3.06488,5.112868,4.36818,3.955724,2.879655,4.238564,5.452144,3.619009,3.441942,2.192968,1.81507,1.761738,1.989039,1.874172,2.019573,2.38092,2.079136,2.237337,2.428987,2.479283,2.212991,2.410488,2.976569,3.125694,2.52839,2.672313,3.490802,3.590281,2.83382,3.382716,4.194253,4.06602,3.100084,1.573725,1.299245,1.143536,1.164306
64,财务风险,速动比率,5.178297,4.446638,4.825789,3.492522,4.911559,3.631212,5.201803,3.670351,4.84079,5.074716,5.668325,3.623451,5.15941,4.099328,5.041158,3.235324,3.732912,3.369086,4.832707,3.432679,4.292244,4.004006,5.138015,3.254534,3.667796,2.608698,3.724676,2.694622,2.51296,2.564817,3.069631,2.338091,2.131147,1.853274,2.057805,1.878916,1.912147,1.969941,2.562934,2.3435,2.619073,4.268315,3.948958,3.090766,3.441175,2.961422,3.24228,2.661537,3.089628,3.111512,3.672862,2.787972,3.457387,2.183598,2.755321,2.177315,2.119759,2.090057,2.081641,2.095298,2.592281,2.635489,2.679755,2.244167,3.757386,3.203903,2.88408,2.146948,3.05269,3.733157,2.567351,2.350963,1.544837,1.286059,1.259018,1.407196,1.318792,1.342806,1.665076,1.436504,1.508797,1.610079,1.646972,1.427632,1.532842,1.899019,1.990604,1.710502,1.687921,2.015758,2.288256,1.813872,2.165128,2.606846,2.891581,2.250651,0.677919,0.677128,0.471145,0.45651
65,财务风险,保守速动比率,1.470153,1.272058,1.238697,1.089031,1.586739,1.200664,2.135691,1.428101,2.026015,2.214146,2.307106,1.190256,1.714402,1.41478,1.561376,0.894603,1.179407,1.235152,1.606271,0.823752,0.954128,0.899525,0.814456,0.358083,3.585531,2.558862,3.671817,2.654178,2.47398,2.525857,3.009953,2.309546,2.102252,1.82388,2.023739,1.827979,1.865644,1.919619,2.455407,2.263142,2.485616,3.949063,3.540294,2.803802,2.889003,2.494931,2.763871,2.253592,2.353525,2.356267,2.991891,2.339172,2.789583,1.878424,2.428363,1.952279,1.898414,1.871644,1.878448,1.863133,2.230259,2.284358,2.331218,1.986136,3.269084,2.857926,2.624955,1.952389,2.996624,3.664194,2.520703,2.305274,1.532959,1.261227,1.240191,1.389613,1.296082,1.313777,1.633944,1.414527,1.470842,1.575934,1.615221,1.411905,1.499303,1.85069,1.923923,1.625046,1.595411,1.948306,2.178786,1.762161,2.089925,2.514601,2.811398,2.176464,0.642933,0.624007,0.429672,0.344472
66,财务风险,资产负债率,12.808752,14.754851,14.143018,19.044755,13.628503,18.324183,12.954324,17.984324,14.140007,13.392472,12.356171,19.420971,13.848391,17.257815,14.482029,22.812673,19.531318,21.282828,15.207087,21.403947,16.473979,17.235977,14.254617,22.48987,19.519092,27.564449,19.117182,26.549308,27.856784,25.717123,21.766506,28.668342,30.833604,34.323433,30.698625,32.794215,32.205236,29.507452,21.776483,23.252552,20.165531,11.993686,12.852985,16.033257,14.168808,15.563646,15.306284,20.422381,19.186561,17.976789,15.91772,21.210116,17.621559,28.47208,21.635503,27.212759,29.824317,30.320659,29.562813,27.506275,22.307111,21.546134,21.704012,25.888494,15.069121,17.571162,19.311352,26.981838,16.801675,12.605976,19.65008,20.155719,31.795507,39.185944,40.420972,36.147801,38.510323,35.146622,31.034552,35.931327,32.665524,30.273504,29.994738,33.841585,30.703679,24.27961,23.219924,29.978451,27.653068,20.701306,20.576943,26.852749,22.687413,18.623662,20.236383,26.729804,52.903705,64.903484,68.814853,68.444854
67,财务风险,权益乘数,1.231563,1.253204,1.243862,1.273789,1.234004,1.270959,1.225787,1.276055,1.243899,1.245255,1.233636,1.316466,1.269217,1.297071,1.277924,1.335464,1.30514,1.319456,1.273374,1.333313,1.292337,1.300118,1.27902,1.3779,1.354058,1.427845,1.349682,1.441366,1.453699,1.431031,1.405442,1.506243,1.530773,1.570982,1.526629,1.456189,1.444137,1.410714,1.333325,1.296688,1.26619,1.204612,1.210637,1.263133,1.24893,1.25908,1.253897,1.308452,1.296727,1.28651,1.264395,1.350996,1.310844,1.41235,1.346672,1.394065,1.419603,1.429345,1.415385,1.380116,1.331124,1.329635,1.331221,1.381682,1.290135,1.311701,1.323694,1.346891,1.246854,1.214231,1.270836,1.402499,1.527662,1.623127,1.637005,1.587648,1.615934,1.571022,1.519791,1.558274,1.514308,1.485691,1.486719,1.489167,1.449378,1.383279,1.373553,1.412612,1.385957,1.321225,1.32282,1.373443,1.333014,1.298937,1.312167,1.590734,2.469701,2.994421,3.18971,3.169055
68,财务风险,权益乘数(含少数股权的净资产),1.146904,1.173087,1.164727,1.23525,1.157789,1.224352,1.148822,1.219279,1.164686,1.154634,1.140981,1.241017,1.160744,1.208573,1.169344,1.295549,1.242719,1.27037,1.179343,1.272328,1.197231,1.208254,1.166243,1.290153,1.24253,1.380537,1.236356,1.361457,1.386131,1.346205,1.278224,1.401902,1.445788,1.522613,1.442972,1.487967,1.47504,1.418589,1.278387,1.302974,1.252591,1.136282,1.147486,1.190947,1.165077,1.184323,1.180725,1.256634,1.237417,1.219167,1.189311,1.269198,1.213909,1.398055,1.276088,1.373867,1.424995,1.435145,1.419704,1.379429,1.287119,1.274634,1.277204,1.349318,1.177428,1.213167,1.239331,1.369522,1.201947,1.144242,1.244556,1.252437,1.466179,1.644356,1.678442,1.566116,1.626289,1.541939,1.450001,1.560825,1.485123,1.434175,1.428464,1.511523,1.443078,1.320648,1.302421,1.428131,1.382228,1.261054,1.25908,1.367105,1.29345,1.228858,1.253704,1.364811,2.162701,2.849285,3.206654,3.169055
69,财务风险,产权比率,15.183866,18.069486,17.099679,24.423767,16.441314,23.407209,15.428815,22.740073,17.013846,16.104623,14.62701,25.011872,16.598399,21.547147,17.599907,30.711661,25.172191,28.011048,18.67269,28.312889,20.483042,21.628461,17.363652,30.266808,25.330365,39.662685,24.638598,37.609647,40.041769,35.77215,29.267568,42.197754,46.705754,54.639052,46.223567,50.80792,49.331533,43.388442,28.69739,31.391452,26.133151,14.152278,15.295982,19.76705,17.049923,18.980808,18.527754,26.570787,24.523686,22.57647,19.358913,27.948079,21.892021,40.617007,28.171862,38.003365,43.033895,44.358171,42.504152,38.253582,29.039664,27.947474,28.186188,35.379951,18.093057,21.684287,24.214395,37.802865,20.608557,14.677419,24.934795,25.656897,47.148575,65.334479,68.635056,57.552708,63.459351,54.807792,45.37971,56.858987,49.047982,43.807935,43.435162,51.735865,44.725735,32.309602,30.436177,43.203843,38.517123,26.268071,26.161311,37.000113,29.526603,23.008118,25.50081,36.577948,114.414934,185.494602,220.665478,216.905523
70,财务风险,现金比率,1.335101,1.205449,1.189857,1.053583,1.556804,1.194108,2.129853,1.426576,2.022436,2.213127,2.305248,1.18768,1.710106,1.411274,1.561376,0.894603,1.166975,1.207687,1.569596,0.790194,0.890467,0.859719,0.762376,0.322481,3.558425,2.543243,3.654812,2.640894,2.458834,2.505186,2.982636,2.277875,2.055795,1.782769,1.991503,1.805893,1.831767,1.686721,2.218332,1.835291,1.954634,3.492242,3.221896,2.628141,2.748993,2.459727,2.729994,2.227325,2.332627,2.335806,2.981997,2.315879,2.738249,1.858626,2.398646,1.925454,1.867879,1.848258,1.857908,1.833814,2.171348,2.238875,2.255898,1.907408,3.142699,2.787429,2.547741,1.90406,2.933414,3.563845,2.450286,2.235477,1.466507,1.200209,1.165349,1.31504,1.2042,1.247214,1.580961,1.344289,1.391525,1.504711,1.534783,1.343905,1.40012,1.775647,1.855555,1.575214,1.512974,1.883265,2.09762,1.686606,1.999972,2.375878,2.690219,2.113336,0.523647,0.559764,0.315058,0.278869
71,营运能力,应收账款周转率,5772.431071,3140.025335,2961.414588,4307.607173,3426.024765,2654.408421,685.785434,3632.8274,1357.442736,2600.561301,976.862102,5927.257498,,,,,,,,,,,,,,,,,,,,,,,,,6099.298105,28497.900031,43284.663417,14397.216968,5694.190332,6753.68309,3562.156063,12066.352612,13800.271253,9100.314728,4134.614308,3299.14013,2340.38131,1507.344709,747.887213,2639.786205,9773.048007,6300.014103,2809.696192,10576.077182,8087.028512,5530.790656,3748.454714,1027.633746,377.714903,262.724183,115.901916,344.058233,204.40277,148.486256,55.25487,202.916594,138.377219,98.054436,32.103313,126.138015,65.022329,39.376352,18.440637,88.120464,53.058876,36.048683,25.822637,104.864982,71.725129,44.15239,38.101861,102.437628,58.79855,46.512498,33.851903,68.383782,42.678501,26.712178,14.329007,41.032551,23.521316,21.567987,12.529763,33.324947,18.225877,20.409125,20.221256,21.402553
72,营运能力,应收账款周转天数,0.046774,0.057324,0.03039,0.083573,0.078808,0.067811,0.131236,0.099096,0.198903,0.069215,0.092131,0.060736,,,,,,,,,,,,,,,,,,,,,,,,0.002137,0.044267,0.006316,0.002079,0.025004,0.047416,0.026652,0.025265,0.029835,0.019564,0.019779,0.021767,0.109119,0.115365,0.119415,0.120339,0.136374,0.027627,0.028571,0.032031,0.034039,0.033386,0.032545,0.024009,0.350319,0.714824,0.685129,0.776518,1.046334,1.320921,1.212233,1.628815,1.774127,1.951188,1.835715,2.803448,2.854016,4.152419,4.571271,4.880525,4.085316,5.088686,4.993247,3.485313,3.432985,3.764371,4.076789,2.362089,3.514333,4.591949,3.869927,2.658639,5.264406,6.32637,6.738499,6.280965,8.773522,11.478949,8.345702,7.182897,10.802717,9.876067,17.639168,17.803048,16.820422
73,营运能力,存货周转率,0.202971,0.142295,0.074424,0.273659,0.216101,0.143328,0.072491,0.278379,0.214585,0.143214,0.072762,0.279524,0.20655,0.133131,0.07339,0.28856,0.221896,0.142197,0.077627,0.301141,0.223126,0.145496,0.080402,0.304559,0.21945,0.135166,0.071843,0.286316,0.21116,0.13705,0.068895,0.278372,0.205982,0.121103,0.056883,0.176526,0.120959,0.080936,0.041859,0.153858,0.111406,0.074576,0.037893,0.174393,0.125994,0.078759,0.041324,0.204061,0.141595,0.093234,0.048718,0.242606,0.21611,0.141654,0.065296,0.243116,0.195801,0.1471,0.068747,0.215623,0.182841,0.131035,0.069151,0.260215,0.227981,0.166893,0.079352,0.29513,0.251358,0.186195,0.085577,0.406766,0.324687,0.189819,0.119173,0.412582,0.286425,0.184328,0.124321,0.386635,0.266722,0.174976,0.117999,0.367894,0.2694,0.181516,0.12127,0.416638,0.264106,0.172763,0.128227,0.365603,0.25538,0.176181,0.143882,0.442809,,0.420767,0.348977,0.242291
74,营运能力,存货周转天数,1330.23311,1264.97754,1209.273001,1315.504393,1249.414556,1255.858596,1241.517487,1293.196808,1258.239323,1256.859118,1236.903561,1287.899489,1307.184032,1352.041888,1226.321269,1247.57321,1216.782719,1265.846513,1159.375731,1195.452509,1210.075862,1237.142161,1119.373564,1182.035048,1230.346089,1331.691001,1252.718817,1257.350311,1278.648637,1313.389079,1306.32136,1293.230243,1310.792126,1486.336558,1582.180388,2039.350887,2232.155437,2223.954836,2150.059922,2339.806731,2423.560904,2413.613872,2375.091559,2064.292117,2142.956852,2285.440923,2177.894033,1764.173837,1906.846875,1930.615213,1847.341178,1483.883249,1249.360741,1270.694663,1378.329375,1480.772011,1378.94716,1223.654308,1309.135523,1669.573852,1476.687389,1373.673934,1301.494269,1383.469148,1184.306498,1078.534978,1134.185419,1219.799137,1074.161278,966.727437,1051.677133,885.029153,831.568423,948.271615,755.203241,872.553556,942.65233,976.515853,723.929225,931.110465,1012.289299,1028.709064,762.711994,978.541242,1002.225017,991.646602,742.144302,864.05889,1022.316361,1041.884166,701.877498,984.67276,1057.247039,1021.67529,625.50978,812.99138,,855.578376,1031.5861,1485.815012
75,营运能力,总资产周转率,0.433684,0.308164,0.168304,0.609274,0.440139,0.30241,0.166545,0.571169,0.407745,0.286178,0.153557,0.50067,0.357054,0.240167,0.131052,0.467232,0.351762,0.237981,0.130955,0.494368,0.378513,0.256921,0.138748,0.518268,0.393977,0.253395,0.140619,0.524351,0.390188,0.266526,0.13676,0.493347,0.369627,0.218534,0.119988,0.40309,0.287627,0.20608,0.115834,0.439585,0.330948,0.234216,0.130128,0.531079,0.388644,0.264124,0.136015,0.618613,0.466781,0.319061,0.157662,0.662218,0.540618,0.355556,0.16873,0.608458,0.46654,0.347769,0.154178,0.512963,0.438123,0.320521,0.15124,0.544423,0.480559,0.349597,0.160137,0.628281,0.552727,0.424653,0.180911,0.721856,0.451139,0.265595,0.163208,0.561325,0.385415,0.255963,0.167629,0.544729,0.383668,0.257381,0.176743,0.531295,0.391215,0.26289,0.173965,0.540571,0.370232,0.256823,0.187685,0.497175,0.381675,0.277838,0.207956,0.684327,0.704564,1.019289,1.075785,0.848174
76,营运能力,总资产周转天数,622.572587,584.103803,534.744407,590.866879,613.441698,595.217851,540.394334,630.286127,662.178536,628.978946,586.097806,719.036402,756.186728,749.477232,686.746131,770.493553,767.564141,756.360291,687.254995,728.201991,713.316559,700.603982,648.656044,694.62032,685.317628,710.353278,640.023671,686.562763,691.97397,675.354785,658.086905,729.708912,730.464943,823.669886,750.074607,893.099362,938.715742,873.447063,776.971901,818.953825,815.837467,768.519067,691.626015,677.864853,694.722916,681.49639,661.691139,581.9465,578.42863,564.154995,570.840294,543.626982,499.428357,506.249037,533.393886,591.659093,578.727787,517.584673,583.737849,701.804988,616.26428,561.585104,595.080064,661.249906,561.844958,514.877623,562.016008,572.99186,488.48624,423.874681,497.480555,498.713963,598.484692,677.723484,551.441518,641.339518,700.543391,703.224845,536.898091,660.878379,703.732654,699.351662,509.212177,677.588709,690.155917,684.696584,517.34485,665.962056,729.271239,700.870348,479.52582,724.090734,707.407405,647.859019,432.782093,526.064,255.477051,353.187304,334.639336,424.441001
77,营运能力,流动资产周转率,0.515051,0.366423,0.198533,0.730318,0.531167,0.36487,0.200993,0.681601,0.484117,0.338321,0.181132,0.583267,0.41628,0.280205,0.152038,0.538678,0.407441,0.276033,0.151088,0.568609,0.439632,0.300364,0.159637,0.598574,0.457207,0.293662,0.163058,0.61732,0.463718,0.320485,0.16422,0.603298,0.456318,0.271821,0.14955,0.517512,0.370792,0.269687,0.152863,0.594212,0.452649,0.321109,0.178738,0.719917,0.528423,0.362806,0.184072,0.795085,0.578508,0.398753,0.196104,0.826023,0.672047,0.440284,0.210856,0.764695,0.576991,0.429358,0.191596,0.647086,0.555026,0.408653,0.190815,0.69328,0.622444,0.45352,0.208184,0.818228,0.75623,0.590211,0.247286,1.03094,0.642556,0.374437,0.229961,0.766882,0.5252,0.351241,0.225619,0.728411,0.518924,0.346925,0.236879,0.705806,0.522783,0.355246,0.234495,0.71202,0.494126,0.346227,0.250279,0.627221,0.478858,0.345127,0.251843,0.821952,0.840744,1.243563,1.436336,1.207925
78,营运能力,流动资产周转天数,524.219471,491.235131,453.323061,492.935847,508.314168,493.326371,447.775527,528.167754,557.716159,532.039035,496.873513,617.212382,648.601813,642.384723,591.955893,668.302149,662.67199,652.094108,595.679168,633.123188,614.149234,599.271201,563.777496,601.428549,590.541211,612.947699,551.949407,583.165064,582.2492,561.64838,548.042129,596.719737,591.691893,662.199689,601.804152,695.635726,728.169538,667.4391,588.762259,605.844026,596.487725,560.557035,503.528353,500.057279,510.954073,496.132567,488.936869,452.781746,466.717649,451.406234,458.938198,435.823153,401.757044,408.826375,426.831024,470.775885,467.944796,419.229925,469.73735,556.339618,486.463316,440.471065,471.658783,519.270011,433.773467,396.894753,432.308408,439.974839,357.034145,304.975605,363.950491,349.195845,420.196295,480.721294,391.369156,469.432888,514.089377,512.467638,398.900917,494.226396,520.30658,518.842697,379.940591,510.054655,516.466548,506.690005,383.803251,505.603589,546.418509,519.889365,359.5978,573.95979,563.841088,521.546389,357.364137,437.981769,214.095993,289.490743,250.637664,298.031741
79,营运能力,应付账款周转率,4.007911,2.5996,1.244327,6.567004,4.183531,2.531823,1.067557,7.081057,4.705103,3.530464,1.623463,7.027054,5.053963,3.398151,1.581822,8.059815,6.661128,4.40772,2.232035,8.220166,5.664227,3.834831,1.539439,6.841066,4.578334,2.969734,,7.346633,,2.82731,1.478326,7.257141,4.249139,2.602598,1.251222,6.264683,5.55724,3.264977,1.831365,7.011938,6.142485,3.881565,2.463129,11.053509,11.920885,8.172943,5.886651,13.856508,7.685316,6.420538,3.140106,17.475664,12.784539,9.414599,4.364821,15.650664,7.422635,7.071814,3.848322,13.120911,10.13377,7.748086,4.366269,15.578112,9.853092,7.431614,4.05296,17.786958,9.893653,8.677311,4.457911,23.69093,15.743881,9.508531,5.130335,25.451385,10.681009,12.955983,4.457063,25.832379,15.429601,14.344353,3.930599,26.753496,19.2476,10.149448,7.429017,19.179222,12.755995,11.861561,1.797643,36.788058,16.421496,23.739078,8.793344,28.124519,2.047059,9.405833,8.342409,15.35068
