时间,基准收益,策略收益,当日盈利,当日亏损,当日买入,当日卖出,超额收益(%)
2020-09-01 16:00:00,0.01,0,0,0,0,0,-0.01
2020-09-02 16:00:00,0.03,0,0,0,0,0,-0.03
2020-09-03 16:00:00,0.03,0,0,0,0,0,-0.03
2020-09-04 16:00:00,0.03,0,0,0,0,0,-0.03
2020-09-07 16:00:00,0.05,0,0,0,0,0,-0.05
2020-09-08 16:00:00,0.05,0.19,1714.48,0,894323.4,0,0.14
2020-09-09 16:00:00,0.05,-0.38,0,-5130.3,0,0,-0.43
2020-09-10 16:00:00,0.07,0.01,3512.5,0,0,0,-0.06
2020-09-11 16:00:00,0.08,0.17,1409.8,0,0,0,0.09
2020-09-14 16:00:00,0.09,0.64,4290.2,0,0,0,0.55
2020-09-15 16:00:00,0.09,0.79,1282.9,0,0,0,0.7
2020-09-16 16:00:00,0.09,0.62,0,-1505.6,0,0,0.53
2020-09-17 16:00:00,0.1,0.09,0,-4725.8,0,0,-0.01
2020-09-18 16:00:00,0.1,0.97,7911.6,0,0,0,0.87
2020-09-21 16:00:00,0.11,0.63,0,-3058.6,0,0,0.52
2020-09-22 16:00:00,0.14,-0.02,0,-5880.3,0,0,-0.16
2020-09-23 16:00:00,0.15,-0.11,0,-841.5,0,0,-0.26
2020-09-24 16:00:00,0.14,-0.76,0,-5861.7,0,0,-0.9
2020-09-25 16:00:00,0.16,-0.96,0,-1759.9,0,0,-1.12
2020-09-28 16:00:00,0.17,-0.59,3343.1,0,0,0,-0.76
2020-09-29 16:00:00,0.18,-0.56,232.1,0,0,0,-0.74
2020-09-30 16:00:00,0.24,-0.45,1013,0,0,0,-0.69
2020-10-09 16:00:00,0.25,0.02,4196.2,0,0,0,-0.23
2020-10-12 16:00:00,0.24,0.49,4246.7,0,0,0,0.25
2020-10-13 16:00:00,0.24,0.2,0,-2595.2,0,0,-0.04
2020-10-14 16:00:00,0.26,-0.02,0,-1982.2,0,0,-0.28
2020-10-15 16:00:00,0.26,-0.14,0,-1026.8,0,0,-0.4
2020-10-16 16:00:00,0.28,0.05,1644.2,0,22890.4,-17404,-0.23
2020-10-19 16:00:00,0.29,0.08,284,0,0,0,-0.21
2020-10-20 16:00:00,0.3,-0.02,0,-923,0,0,-0.32
2020-10-21 16:00:00,0.3,0.24,2364.6,0,0,0,-0.06
2020-10-22 16:00:00,0.3,0.23,0,-108.3,0,0,-0.07
2020-10-23 16:00:00,0.3,-0.1,0,-2955.4,0,0,-0.4
2020-10-26 16:00:00,0.31,-0.51,0,-3721.3,0,0,-0.82
2020-10-27 16:00:00,0.32,-0.04,4293.2,0,0,0,-0.36
2020-10-28 16:00:00,0.32,-0.23,0,-1698.4,0,0,-0.55
2020-10-29 16:00:00,0.33,-0.74,0,-4605.9,0,0,-1.07
2020-10-30 16:00:00,0.35,-0.87,0,-1144.3,0,0,-1.22
2020-11-02 16:00:00,0.38,-0.4,4212.6,0,0,0,-0.78
2020-11-03 16:00:00,0.37,0.11,4548.7,0,0,0,-0.26
2020-11-04 16:00:00,0.4,0.51,3652.2,0,0,0,0.11
2020-11-05 16:00:00,0.39,0.99,4269.5,0,0,0,0.6
2020-11-06 16:00:00,0.42,0.97,0,-143.2,0,0,0.55
2020-11-09 16:00:00,0.41,1.06,806.7,0,41506,-41760,0.65
2020-11-10 16:00:00,0.43,0.56,0,-4511.6,0,0,0.13
2020-11-11 16:00:00,0.45,1.17,5523.5,0,0,0,0.72
2020-11-12 16:00:00,0.47,1.02,0,-1386.2,0,0,0.55
2020-11-13 16:00:00,0.46,0.63,0,-3492.1,0,0,0.17
2020-11-16 16:00:00,0.44,0.23,0,-3649.3,0,0,-0.21
2020-11-17 16:00:00,0.46,0.06,0,-1515.4,0,0,-0.4
2020-11-18 16:00:00,0.46,0.1,343.7,0,0,0,-0.36
2020-11-19 16:00:00,0.46,0.2,900.7,0,0,0,-0.26
2020-11-20 16:00:00,0.47,0.19,0,-31.1,0,0,-0.28
2020-11-23 16:00:00,0.48,0.61,3767.6,0,0,0,0.13
2020-11-24 16:00:00,0.49,0.47,0,-1240.9,0,0,-0.02
2020-11-25 16:00:00,0.5,-0.04,0,-4638.6,0,0,-0.54
2020-11-26 16:00:00,0.5,0.39,3863.1,0,0,0,-0.11
2020-11-27 16:00:00,0.51,0.74,3208.8,0,0,0,0.23
2020-11-30 16:00:00,0.53,0.36,0,-3500.7,0,0,-0.17
2020-12-01 16:00:00,0.53,0.6,2236.7,0,0,0,0.07
2020-12-02 16:00:00,0.54,0.59,0,-150.8,0,0,0.05
2020-12-03 16:00:00,0.55,0.37,0,-1960.3,0,0,-0.18
2020-12-04 16:00:00,0.58,0.28,0,-806.8,0,0,-0.3
2020-12-07 16:00:00,0.58,-0.09,0,-3310.2,0,0,-0.67
2020-12-08 16:00:00,0.59,0.02,998.6,0,19404.8,-15250.4,-0.57
2020-12-09 16:00:00,0.59,-0.05,0,-663.5,0,0,-0.64
2020-12-10 16:00:00,0.59,-0.23,0,-1608.6,0,0,-0.82
2020-12-11 16:00:00,0.61,-0.48,0,-2248.9,0,0,-1.08
2020-12-14 16:00:00,0.62,-0.56,0,-722.1,0,0,-1.17
2020-12-15 16:00:00,0.63,-0.61,0,-414.6,0,0,-1.23
2020-12-16 16:00:00,0.63,-0.03,5190.9,0,0,0,-0.66
2020-12-17 16:00:00,0.61,0.17,1815.6,0,0,0,-0.44
2020-12-18 16:00:00,0.63,0.37,1791.2,0,0,0,-0.26
2020-12-21 16:00:00,0.64,0.95,5211.2,0,0,0,0.31
2020-12-22 16:00:00,0.67,0.68,0,-2447.8,0,0,0.01
2020-12-23 16:00:00,0.68,0.49,0,-1681.4,0,0,-0.19
2020-12-24 16:00:00,0.69,0.63,1225.9,0,0,0,-0.06
2020-12-25 16:00:00,0.7,1.1,4253.5,0,0,0,0.4
2020-12-28 16:00:00,0.71,1.02,0,-729.1,0,0,0.31
2020-12-29 16:00:00,0.72,0.87,0,-1338.3,0,0,0.15
2020-12-30 16:00:00,0.71,1.23,3200.3,0,0,0,0.52
2020-12-31 16:00:00,0.77,1.84,5549.7,0,0,0,1.06
2021-01-04 16:00:00,0.78,1.8,0,-375.4,0,0,1.01
2021-01-05 16:00:00,0.79,1.74,0,-551.4,0,0,0.94
2021-01-06 16:00:00,0.83,2.05,2807.3,0,0,0,1.21
2021-01-07 16:00:00,0.85,1.97,0,-759.9,0,0,1.11
2021-01-08 16:00:00,0.85,1.87,0,-872.5,0,0,1.01
2021-01-11 16:00:00,0.84,1.71,0,-1466.54,64338,-64358.2,0.86
2021-01-12 16:00:00,0.86,1.76,465.6,0,0,0,0.89
2021-01-13 16:00:00,0.84,2.68,8300.8,0,0,0,1.82
2021-01-14 16:00:00,0.84,2.52,0,-1435.4,0,0,1.67
2021-01-15 16:00:00,0.86,2.59,590.6,0,0,0,1.72
2021-01-18 16:00:00,0.87,2.21,0,-3435.6,0,0,1.33
2021-01-19 16:00:00,0.87,2.49,2559.2,0,0,0,1.61
2021-01-20 16:00:00,0.88,1.96,0,-4746.4,0,0,1.07
2021-01-21 16:00:00,0.88,2.3,3048.8,0,0,0,1.41
2021-01-22 16:00:00,0.9,1.64,0,-6005.4,0,0,0.73
2021-01-25 16:00:00,0.9,1.46,0,-1590.8,0,0,0.56
2021-01-26 16:00:00,0.91,1.29,0,-1521.8,0,0,0.38
2021-01-27 16:00:00,0.91,1.79,4503.6,0,0,0,0.87
2021-01-28 16:00:00,0.91,1.64,0,-1310,0,0,0.72
2021-01-29 16:00:00,0.94,1.53,0,-997.4,0,0,0.58
2021-02-01 16:00:00,0.95,1.47,0,-575.6,0,0,0.52
2021-02-02 16:00:00,0.96,1.36,0,-1009,0,0,0.4
2021-02-03 16:00:00,0.98,1.26,0,-857.8,0,0,0.28
2021-02-04 16:00:00,0.98,1.6,3058.2,0,0,0,0.61
2021-02-05 16:00:00,1.01,1.89,2586.4,0,0,0,0.87
2021-02-08 16:00:00,1.01,1.82,0,-581.6,26377,-23010.4,0.8
2021-02-09 16:00:00,1.03,1.83,82.9,0,0,0,0.79
2021-02-10 16:00:00,1.08,2.27,3913.5,0,0,0,1.18
2021-02-18 16:00:00,1.08,1.87,0,-3577.6,0,0,0.78
2021-02-19 16:00:00,1.09,1.81,0,-562.8,0,0,0.71
2021-02-22 16:00:00,1.1,2.07,2360.2,0,0,0,0.96
2021-02-23 16:00:00,1.12,2.49,3734.8,0,0,0,1.35
2021-02-24 16:00:00,1.12,2.09,0,-3556.7,0,0,0.96
2021-02-25 16:00:00,1.13,2.56,4232.3,0,0,0,1.41
2021-02-26 16:00:00,1.14,1.45,0,-10021.8,0,0,0.31
2021-03-01 16:00:00,1.15,1.51,552.8,0,0,0,0.36
2021-03-02 16:00:00,1.17,0.96,0,-4942.9,0,0,-0.21
2021-03-03 16:00:00,1.18,1.75,7142.5,0,0,0,0.56
2021-03-04 16:00:00,1.15,1.49,0,-2334.9,0,0,0.34
2021-03-05 16:00:00,1.18,1.62,1179.9,0,0,0,0.43
2021-03-08 16:00:00,1.18,1.98,3155.87,0,9687.8,-19293.8,0.79
2021-03-09 16:00:00,1.18,1.58,0,-3526.9,0,0,0.4
2021-03-10 16:00:00,1.19,1.61,250.3,0,0,0,0.42
2021-03-11 16:00:00,1.2,1.91,2704,0,0,0,0.7
2021-03-12 16:00:00,1.22,2.41,4487.5,0,0,0,1.18
2021-03-15 16:00:00,1.25,2.56,1331.8,0,0,0,1.29
2021-03-16 16:00:00,1.24,2.75,1683,0,0,0,1.49
2021-03-17 16:00:00,1.23,2.52,0,-2032,0,0,1.27
2021-03-18 16:00:00,1.23,2.55,254.4,0,0,0,1.3
2021-03-19 16:00:00,1.25,1.94,0,-5432.5,0,0,0.68
2021-03-22 16:00:00,1.26,2.79,7630.3,0,0,0,1.51
2021-03-23 16:00:00,1.27,2.75,0,-368.9,0,0,1.46
2021-03-24 16:00:00,1.28,2.79,315.3,0,0,0,1.49
2021-03-25 16:00:00,1.28,2.48,0,-2793.2,0,0,1.18
2021-03-26 16:00:00,1.28,2.47,0,-55.6,0,0,1.17
2021-03-29 16:00:00,1.29,2.88,3721.9,0,0,0,1.57
2021-03-30 16:00:00,1.29,2.85,0,-288.5,0,0,1.54
2021-03-31 16:00:00,1.32,2.86,60.9,0,0,0,1.52
2021-04-01 16:00:00,1.32,3.59,6588.3,0,0,0,2.24
2021-04-02 16:00:00,1.34,3.39,0,-1812.4,0,0,2.02
2021-04-06 16:00:00,1.35,3.24,0,-1332.5,0,0,1.86
2021-04-07 16:00:00,1.36,3.56,2846.3,0,0,0,2.17
2021-04-08 16:00:00,1.36,3.39,0,-1542.1,0,0,2
2021-04-09 16:00:00,1.38,3.62,2081.18,0,37655.8,-34666,2.21
2021-04-12 16:00:00,1.39,3.86,2200,0,0,0,2.44
2021-04-13 16:00:00,1.4,3.57,0,-2632.3,0,0,2.14
2021-04-14 16:00:00,1.4,3.5,0,-633,0,0,2.07
2021-04-15 16:00:00,1.41,3.32,0,-1649,0,0,1.88
2021-04-16 16:00:00,1.42,3.71,3530.3,0,0,0,2.26
2021-04-19 16:00:00,1.42,3.8,792.1,0,0,0,2.35
2021-04-20 16:00:00,1.43,3.6,0,-1746,0,0,2.14
2021-04-21 16:00:00,1.44,3.71,936,0,0,0,2.24
2021-04-22 16:00:00,1.44,3.67,0,-313.2,0,0,2.2
2021-04-23 16:00:00,1.46,3.32,0,-3140.2,0,0,1.83
2021-04-26 16:00:00,1.46,3.16,0,-1444.4,0,0,1.68
2021-04-27 16:00:00,1.46,3.3,1283.7,0,0,0,1.81
2021-04-28 16:00:00,1.47,2.96,0,-3127.7,0,0,1.47
2021-04-29 16:00:00,1.49,3.11,1353.4,0,0,0,1.6
2021-04-30 16:00:00,1.51,2.76,0,-3081.6,0,0,1.23
2021-05-06 16:00:00,1.51,3.1,3043.9,0,0,0,1.57
2021-05-07 16:00:00,1.53,3.46,3212.7,0,0,0,1.9
2021-05-10 16:00:00,1.54,3.43,0,-258.1,0,0,1.86
2021-05-11 16:00:00,1.55,3.3,0,-1167,0,0,1.72
2021-05-12 16:00:00,1.56,3.56,2302.3,0,0,0,1.97
2021-05-13 16:00:00,1.56,2.98,0,-5150.32,36577.5,-31974.8,1.4
2021-05-14 16:00:00,1.54,2.87,0,-1053.6,0,0,1.31
2021-05-17 16:00:00,1.57,3.12,2276.7,0,0,0,1.53
2021-05-18 16:00:00,1.58,3.12,12.1,0,0,0,1.52
2021-05-19 16:00:00,1.59,2.66,0,-4125.6,0,0,1.05
2021-05-20 16:00:00,1.59,2.66,0,-63.8,0,0,1.05
2021-05-21 16:00:00,1.61,2.86,1849.8,0,0,0,1.23
2021-05-24 16:00:00,1.62,2.78,0,-756,0,0,1.14
2021-05-25 16:00:00,1.6,3.32,4844.5,0,0,0,1.69
2021-05-26 16:00:00,1.62,3.3,0,-186.4,0,0,1.65
2021-05-27 16:00:00,1.62,3.05,0,-2180.3,0,0,1.41
2021-05-28 16:00:00,1.64,3.24,1645,0,0,0,1.57
2021-05-31 16:00:00,1.64,3.29,449,0,0,0,1.62
2021-06-01 16:00:00,1.65,3.46,1600.4,0,0,0,1.78
2021-06-02 16:00:00,1.66,3.4,0,-573.2,0,0,1.71
2021-06-03 16:00:00,1.67,3.47,614.7,0,0,0,1.77
2021-06-04 16:00:00,1.69,3.22,0,-2211.7,0,0,1.5
2021-06-07 16:00:00,1.7,3.54,2830.8,0,0,0,1.81
2021-06-08 16:00:00,1.71,3.94,3642.52,0,26334.6,-26775,2.19
2021-06-09 16:00:00,1.7,4.1,1396.2,0,0,0,2.36
2021-06-10 16:00:00,1.7,3.89,0,-1849.2,0,0,2.15
2021-06-11 16:00:00,1.72,4.46,5148,0,0,0,2.69
2021-06-15 16:00:00,1.74,3.79,0,-6098.2,0,0,2.01
2021-06-16 16:00:00,1.75,3.75,0,-363.1,0,0,1.97
2021-06-17 16:00:00,1.77,3.33,0,-3719.47,0,0,1.53
2021-06-18 16:00:00,1.77,3.09,0,-2181.1,0,0,1.3
2021-06-21 16:00:00,1.77,2.83,0,-2379.5,0,0,1.04
2021-06-22 16:00:00,1.77,3.12,2654.7,0,0,0,1.33
2021-06-23 16:00:00,1.78,3.43,2828,0,0,0,1.62
2021-06-24 16:00:00,1.79,3.34,0,-882.3,0,0,1.52
2021-06-25 16:00:00,1.8,3.57,2103.4,0,0,0,1.74
2021-06-28 16:00:00,1.79,3.83,2380.6,0,0,0,2
2021-06-29 16:00:00,1.82,3.52,0,-2801.8,0,0,1.67
2021-06-30 16:00:00,1.83,3.72,1764.8,0,0,0,1.86
2021-07-01 16:00:00,1.86,4.23,4583.9,0,0,0,2.33
2021-07-02 16:00:00,1.86,4.07,0,-1401.3,0,0,2.17
2021-07-05 16:00:00,1.87,4.19,1083.9,0,0,0,2.28
2021-07-06 16:00:00,1.87,4.43,2119.9,0,0,0,2.51
2021-07-07 16:00:00,1.87,4.31,0,-1107.8,0,0,2.4
2021-07-08 16:00:00,1.88,4.31,78.17,0,21482.4,-14793.4,2.39
2021-07-09 16:00:00,1.9,4.48,1493.2,0,0,0,2.53
2021-07-12 16:00:00,1.9,4.47,0,-123.9,0,0,2.52
2021-07-13 16:00:00,1.91,4.6,1160.4,0,0,0,2.64
2021-07-14 16:00:00,1.93,4.58,0,-144.1,0,0,2.6
2021-07-15 16:00:00,1.91,4.86,2495.6,0,0,0,2.89
2021-07-16 16:00:00,1.94,4.48,0,-3439.5,0,0,2.49
2021-07-19 16:00:00,1.94,4.53,449.3,0,0,0,2.54
2021-07-20 16:00:00,1.94,4.57,418.3,0,0,0,2.58
2021-07-21 16:00:00,1.95,4.49,0,-708.4,0,0,2.49
2021-07-22 16:00:00,1.95,4.38,0,-1029.2,0,0,2.38
2021-07-23 16:00:00,1.96,4.52,1281.9,0,0,0,2.51
2021-07-26 16:00:00,1.97,4.51,0,-84.6,0,0,2.49
2021-07-27 16:00:00,1.98,4.18,0,-2946.1,0,0,2.16
2021-07-28 16:00:00,1.99,4.48,2681.4,0,0,0,2.44
2021-07-29 16:00:00,1.99,4.48,12.6,0,0,0,2.44
2021-07-30 16:00:00,2.02,4.56,709.4,0,0,0,2.49
2021-08-02 16:00:00,2.01,4.56,0,-50.9,0,0,2.5
2021-08-03 16:00:00,2.03,4.41,0,-1321.2,0,0,2.33
2021-08-04 16:00:00,2.03,4.55,1220.4,0,0,0,2.47
2021-08-05 16:00:00,2.04,4.39,0,-1443.6,0,0,2.3
2021-08-06 16:00:00,2.07,4.42,332.4,0,0,0,2.3
2021-08-09 16:00:00,2.07,4.32,0,-942.73,42699.2,-38345.9,2.2
2021-08-10 16:00:00,2.07,4.39,644.5,0,0,0,2.27
2021-08-11 16:00:00,2.08,4.45,560.7,0,0,0,2.32
2021-08-12 16:00:00,2.1,4.42,0,-249.4,0,0,2.27
2021-08-13 16:00:00,2.1,4.57,1328.7,0,0,0,2.42
2021-08-16 16:00:00,2.1,4.93,3269,0,0,0,2.77
2021-08-17 16:00:00,2.1,5.06,1104.1,0,0,0,2.9
2021-08-18 16:00:00,2.11,5.1,369.5,0,0,0,2.93
2021-08-19 16:00:00,2.11,4.76,0,-3007.5,0,0,2.6
2021-08-20 16:00:00,2.13,4.92,1365.9,0,0,0,2.73
2021-08-23 16:00:00,2.12,4.97,494.4,0,0,0,2.79
2021-08-24 16:00:00,2.12,5.1,1169.5,0,0,0,2.92
2021-08-25 16:00:00,2.14,4.94,0,-1433,0,0,2.74
2021-08-26 16:00:00,2.15,4.76,0,-1613.4,0,0,2.56
2021-08-27 16:00:00,2.15,4.91,1357.7,0,0,0,2.7
2021-08-30 16:00:00,2.16,4.83,0,-742.6,0,0,2.61
2021-08-31 16:00:00,2.17,5.24,3697.2,0,0,0,3
2021-09-01 16:00:00,2.19,5.72,4287.8,0,0,0,3.45
2021-09-02 16:00:00,2.2,5.7,0,-121.6,0,0,3.42
2021-09-03 16:00:00,2.22,5.91,1863.6,0,0,0,3.61
2021-09-06 16:00:00,2.22,5.91,0,-44.1,0,0,3.61
2021-09-07 16:00:00,2.22,6,833.2,0,0,0,3.7
2021-09-08 16:00:00,2.23,5.93,0,-619.88,36599.2,-31068,3.62
2021-09-09 16:00:00,2.23,5.77,0,-1430.4,0,0,3.46
2021-09-10 16:00:00,2.25,5.87,930.3,0,0,0,3.54
2021-09-13 16:00:00,2.25,5.75,0,-1076.5,0,0,3.42
2021-09-14 16:00:00,2.26,5.53,0,-2042.8,0,0,3.2
2021-09-15 16:00:00,2.27,5.32,0,-1857.5,0,0,2.98
2021-09-16 16:00:00,2.27,5.23,0,-823.7,0,0,2.89
2021-09-17 16:00:00,2.3,5.48,2274,0,0,0,3.11
2021-09-22 16:00:00,2.3,5.62,1274.1,0,0,0,3.25
2021-09-23 16:00:00,2.3,5.61,0,-126.5,0,0,3.24
2021-09-24 16:00:00,2.32,5.39,0,-1939.9,0,0,3
2021-09-27 16:00:00,2.32,5.6,1866.4,0,0,0,3.21
2021-09-28 16:00:00,2.34,5.35,0,-2284.1,0,0,2.94
2021-09-29 16:00:00,2.36,5.23,0,-1086.1,0,0,2.8
2021-09-30 16:00:00,2.43,5.07,0,-1423.6,0,0,2.58
2021-10-08 16:00:00,2.41,5.06,0,-101.2,0,0,2.59
2021-10-11 16:00:00,2.42,4.82,0,-2133.5,0,0,2.34
2021-10-12 16:00:00,2.43,4.63,0,-1747,0,0,2.15
2021-10-13 16:00:00,2.45,4.29,0,-3045.4,0,0,1.8
2021-10-14 16:00:00,2.47,4.48,1737,0,0,0,1.96
2021-10-15 16:00:00,2.48,4.61,1160.13,0,3780.6,-3642.4,2.08
2021-10-18 16:00:00,2.46,4.36,0,-2226.3,0,0,1.85
2021-10-19 16:00:00,2.45,4.51,1287.3,0,0,0,2.01
2021-10-20 16:00:00,2.47,4.43,0,-671.1,0,0,1.91
2021-10-21 16:00:00,2.47,4.63,1768,0,0,0,2.11
2021-10-22 16:00:00,2.49,4.69,587.6,0,0,0,2.15
2021-10-25 16:00:00,2.5,4.66,0,-307.2,0,0,2.11
2021-10-26 16:00:00,2.5,4.79,1184.6,0,0,0,2.23
2021-10-27 16:00:00,2.52,4.71,0,-746.7,0,0,2.14
2021-10-28 16:00:00,2.5,4.78,680.8,0,0,0,2.22
2021-10-29 16:00:00,2.52,4.79,101.6,0,0,0,2.21
2021-11-01 16:00:00,2.52,5,1888.5,0,0,0,2.42
2021-11-02 16:00:00,2.53,4.8,0,-1800.3,0,0,2.21
2021-11-03 16:00:00,2.54,4.83,204.9,0,0,0,2.23
2021-11-04 16:00:00,2.54,4.89,547.4,0,0,0,2.29
2021-11-05 16:00:00,2.55,4.99,919.8,0,0,0,2.38
2021-11-08 16:00:00,2.56,5.13,1275.6,0,23086,-23150,2.51
2021-11-09 16:00:00,2.57,5.1,0,-298.4,0,0,2.47
2021-11-10 16:00:00,2.59,4.96,0,-1287.1,0,0,2.31
2021-11-11 16:00:00,2.58,5.2,2167.9,0,0,0,2.55
2021-11-12 16:00:00,2.59,5.16,0,-338,0,0,2.51
2021-11-15 16:00:00,2.6,5.27,1027.6,0,0,0,2.6
2021-11-16 16:00:00,2.61,5.35,718.8,0,0,0,2.67
2021-11-17 16:00:00,2.62,5.5,1312.8,0,0,0,2.81
2021-11-18 16:00:00,2.63,5.52,156.2,0,0,0,2.82
2021-11-19 16:00:00,2.64,5.91,3535.6,0,0,0,3.19
2021-11-22 16:00:00,2.64,5.7,0,-1888.1,0,0,2.98
2021-11-23 16:00:00,2.65,5.32,0,-3409.4,0,0,2.6
2021-11-24 16:00:00,2.65,5.24,0,-755.1,0,0,2.52
2021-11-25 16:00:00,2.66,5.17,0,-593.9,0,0,2.44
2021-11-26 16:00:00,2.68,5.07,0,-864.4,0,0,2.33
2021-11-29 16:00:00,2.66,5.05,0,-264.2,0,0,2.33
2021-11-30 16:00:00,2.68,4.91,0,-1204,0,0,2.17
2021-12-01 16:00:00,2.7,5,798.5,0,0,0,2.24
2021-12-02 16:00:00,2.7,4.75,0,-2244.3,0,0,2
2021-12-03 16:00:00,2.71,4.79,351,0,0,0,2.03
2021-12-06 16:00:00,2.73,4.95,1437.5,0,0,0,2.16
2021-12-07 16:00:00,2.74,5.02,610.4,0,0,0,2.22
2021-12-08 16:00:00,2.73,5.24,1994.5,0,31941,-31439.6,2.44
2021-12-09 16:00:00,2.73,5.31,598.6,0,0,0,2.51
2021-12-10 16:00:00,2.75,5.15,0,-1372.2,0,0,2.34
2021-12-13 16:00:00,2.76,5.71,5032.9,0,0,0,2.87
2021-12-14 16:00:00,2.77,5.77,557.2,0,0,0,2.92
2021-12-15 16:00:00,2.78,5.72,0,-506.6,0,0,2.86
2021-12-16 16:00:00,2.78,6.24,4684.5,0,0,0,3.37
2021-12-17 16:00:00,2.8,6.04,0,-1814.6,0,0,3.15
2021-12-20 16:00:00,2.81,5.7,0,-3031,0,0,2.81
2021-12-21 16:00:00,2.8,5.75,427.3,0,0,0,2.87
2021-12-22 16:00:00,2.82,5.76,144.9,0,0,0,2.86
2021-12-23 16:00:00,2.82,6.19,3857.6,0,0,0,3.28
2021-12-24 16:00:00,2.84,6.35,1378.3,0,0,0,3.41
2021-12-27 16:00:00,2.84,6.3,0,-373.4,0,0,3.36
2021-12-28 16:00:00,2.85,6.49,1713,0,0,0,3.54
2021-12-29 16:00:00,2.86,6.17,0,-2953.7,0,0,3.22
2021-12-30 16:00:00,2.86,6.04,0,-1112.9,0,0,3.09
2021-12-31 16:00:00,2.91,6.13,769.8,0,0,0,3.13
2022-01-04 16:00:00,2.9,6.4,2470.9,0,0,0,3.4
2022-01-05 16:00:00,2.9,6.43,287.7,0,0,0,3.43
2022-01-06 16:00:00,2.91,5.75,0,-6186.2,0,0,2.76
2022-01-07 16:00:00,2.93,5.99,2142,0,0,0,2.97
2022-01-10 16:00:00,2.94,6.04,499.5,0,0,0,3.01
2022-01-11 16:00:00,2.95,6.21,1488.17,0,38623,-35662.7,3.17
2022-01-12 16:00:00,2.96,6.33,1136.9,0,0,0,3.27
2022-01-13 16:00:00,2.96,6.61,2486.2,0,0,0,3.55
2022-01-14 16:00:00,2.98,6.22,0,-3534.9,0,0,3.15
2022-01-17 16:00:00,2.99,6.2,0,-157.5,0,0,3.12
2022-01-18 16:00:00,3,6.48,2503.8,0,0,0,3.38
2022-01-19 16:00:00,2.99,6.49,77.6,0,0,0,3.4
2022-01-20 16:00:00,2.99,6.9,3706.9,0,0,0,3.8
2022-01-21 16:00:00,3.01,6.87,0,-226.1,0,0,3.75
2022-01-24 16:00:00,3.01,7.01,1234.1,0,0,0,3.88
2022-01-25 16:00:00,3.03,6.56,0,-4068.7,0,0,3.43
2022-01-26 16:00:00,3.04,6.58,239.9,0,0,0,3.44
2022-01-27 16:00:00,3.06,6.26,0,-2950.2,0,0,3.1
2022-01-28 16:00:00,3.12,6.29,302,0,0,0,3.07
2022-02-07 16:00:00,3.15,7.49,10830.1,0,0,0,4.21
2022-02-08 16:00:00,3.15,8.24,6763.6,0,0,0,4.93
2022-02-09 16:00:00,3.13,8.58,3039.2,0,0,0,5.28
2022-02-10 16:00:00,3.12,9.02,3978.2,0,0,0,5.72
2022-02-11 16:00:00,3.14,8.34,0,-6168.4,0,0,5.04
2022-02-14 16:00:00,3.14,7.94,0,-3580.09,32706.4,-33162,4.65
2022-02-15 16:00:00,3.15,7.86,0,-727.3,0,0,4.57
2022-02-16 16:00:00,3.16,7.91,450,0,0,0,4.6
2022-02-17 16:00:00,3.16,8.17,2306.4,0,0,0,4.86
2022-02-18 16:00:00,3.17,8.24,639.4,0,0,0,4.91
2022-02-21 16:00:00,3.17,8.05,0,-1728.6,0,0,4.73
2022-02-22 16:00:00,3.18,7.85,0,-1724.3,0,0,4.53
2022-02-23 16:00:00,3.18,7.96,988.1,0,0,0,4.63
2022-02-24 16:00:00,3.19,7.91,0,-518.9,0,0,4.57
2022-02-25 16:00:00,3.2,7.79,0,-1005.6,0,0,4.45
2022-02-28 16:00:00,3.2,7.84,387,0,0,0,4.5
2022-03-01 16:00:00,3.22,8.02,1692.9,0,0,0,4.65
2022-03-02 16:00:00,3.22,8.16,1212.1,0,0,0,4.79
2022-03-03 16:00:00,3.24,8.39,2093,0,0,0,4.99
2022-03-04 16:00:00,3.25,8.28,0,-997.6,0,0,4.87
2022-03-07 16:00:00,3.26,8.56,2530.5,0,0,0,5.13
2022-03-08 16:00:00,3.26,8.54,0,-217.3,9420,-10088,5.11
2022-03-09 16:00:00,3.27,8.68,1289.8,0,0,0,5.24
2022-03-10 16:00:00,3.27,8.17,0,-4598.6,0,0,4.74
2022-03-11 16:00:00,3.29,8.36,1687,0,0,0,4.91
2022-03-14 16:00:00,3.31,8.29,0,-600.8,0,0,4.82
2022-03-15 16:00:00,3.3,7.13,0,-10462.5,0,0,3.71
2022-03-16 16:00:00,3.29,7.84,6375.2,0,0,0,4.41
2022-03-17 16:00:00,3.3,8.03,1732.1,0,0,0,4.58
2022-03-18 16:00:00,3.31,8.3,2419.6,0,0,0,4.83
2022-03-21 16:00:00,3.34,8.09,0,-1865,0,0,4.6
2022-03-22 16:00:00,3.33,8.64,4971.7,0,0,0,5.14
2022-03-23 16:00:00,3.34,8.73,750.5,0,0,0,5.22
2022-03-24 16:00:00,3.36,8.68,0,-429.1,0,0,5.15
2022-03-25 16:00:00,3.37,8.98,2663.5,0,0,0,5.43
2022-03-28 16:00:00,3.36,9.01,337.7,0,0,0,5.47
2022-03-29 16:00:00,3.38,9.11,856.7,0,0,0,5.54
2022-03-30 16:00:00,3.36,9.08,0,-288.6,0,0,5.53
2022-03-31 16:00:00,3.41,9.1,244.8,0,0,0,5.5
2022-04-01 16:00:00,3.41,8.78,0,-2884.6,0,0,5.19
2022-04-06 16:00:00,3.43,9.12,3028.1,0,0,0,5.5
2022-04-07 16:00:00,3.44,9.08,0,-388.3,0,0,5.45
2022-04-08 16:00:00,3.46,9.52,3983.5,0,0,0,5.86
2022-04-11 16:00:00,3.46,9.35,0,-1561.6,0,0,5.69
2022-04-12 16:00:00,3.46,9.31,0,-317.14,26770,-25377.8,5.65
2022-04-13 16:00:00,3.46,9.4,783.8,0,0,0,5.74
2022-04-14 16:00:00,3.47,9.62,2022.6,0,0,0,5.94
2022-04-15 16:00:00,3.49,9.44,0,-1625.9,0,0,5.75
2022-04-18 16:00:00,3.49,9.17,0,-2440.5,0,0,5.49
2022-04-19 16:00:00,3.5,9.51,3068.7,0,0,0,5.81
2022-04-20 16:00:00,3.5,9.57,559,0,0,0,5.86
2022-04-21 16:00:00,3.5,9.98,3645.4,0,0,0,6.26
2022-04-22 16:00:00,3.51,9.91,0,-624.9,0,0,6.18
2022-04-25 16:00:00,3.51,9.07,0,-7550.6,0,0,5.37
2022-04-26 16:00:00,3.52,9.26,1715.4,0,0,0,5.54
2022-04-27 16:00:00,3.53,8.8,0,-4111.6,0,0,5.09
2022-04-28 16:00:00,3.55,9.2,3567.7,0,0,0,5.46
2022-04-29 16:00:00,3.58,9.36,1456.9,0,0,0,5.58
2022-05-05 16:00:00,3.57,9.56,1771.8,0,0,0,5.78
2022-05-06 16:00:00,3.6,8.83,0,-6582.6,0,0,5.05
2022-05-09 16:00:00,3.61,8.73,0,-896.6,0,0,4.94
2022-05-10 16:00:00,3.61,8.85,1094,0,0,0,5.06
2022-05-11 16:00:00,3.61,8.62,0,-2053.1,0,0,4.84
2022-05-12 16:00:00,3.62,8.45,0,-1542.04,3652,-9305,4.66
2022-05-13 16:00:00,3.64,8.87,3742.5,0,0,0,5.05
2022-05-16 16:00:00,3.65,8.76,0,-926.3,0,0,4.93
2022-05-17 16:00:00,3.65,8.71,0,-451.4,0,0,4.88
2022-05-18 16:00:00,3.65,8.46,0,-2262.2,0,0,4.64
2022-05-19 16:00:00,3.66,8.18,0,-2534.4,0,0,4.36
2022-05-20 16:00:00,3.66,8.4,2012.1,0,0,0,4.57
2022-05-23 16:00:00,3.67,8.51,940.4,0,0,0,4.67
2022-05-24 16:00:00,3.68,8.43,0,-699.7,0,0,4.58
2022-05-25 16:00:00,3.68,8.74,2823.2,0,0,0,4.88
2022-05-26 16:00:00,3.69,9.26,4631.3,0,0,0,5.37
2022-05-27 16:00:00,3.7,9.74,4309.9,0,0,0,5.82
2022-05-30 16:00:00,3.7,9.88,1246.4,0,0,0,5.96
2022-05-31 16:00:00,3.7,9.87,0,-44.6,0,0,5.95
2022-06-01 16:00:00,3.71,9.64,0,-2101.5,0,0,5.72
2022-06-02 16:00:00,3.71,9.48,0,-1428.2,0,0,5.56
2022-06-06 16:00:00,3.72,9.42,0,-554.4,0,0,5.5
2022-06-07 16:00:00,3.74,9.11,0,-2762.7,0,0,5.18
2022-06-08 16:00:00,3.74,9.41,2731,0,0,0,5.47
2022-06-09 16:00:00,3.75,9.46,463.12,0,18915.2,-9747.2,5.5
2022-06-10 16:00:00,3.73,9.55,765.4,0,0,0,5.61
2022-06-13 16:00:00,3.77,8.94,0,-5527.6,0,0,4.98
2022-06-14 16:00:00,3.78,8.88,0,-506.4,0,0,4.91
2022-06-15 16:00:00,3.78,8.77,0,-987.3,0,0,4.81
2022-06-16 16:00:00,3.78,8.5,0,-2397.7,0,0,4.55
2022-06-17 16:00:00,3.79,8.8,2640.1,0,0,0,4.83
2022-06-20 16:00:00,3.8,8.54,0,-2343.9,0,0,4.57
2022-06-21 16:00:00,3.81,8.54,48.5,0,0,0,4.56
2022-06-22 16:00:00,3.82,8.44,0,-894.6,0,0,4.45
2022-06-23 16:00:00,3.81,8.37,0,-677,0,0,4.39
2022-06-24 16:00:00,3.82,8.3,0,-599,0,0,4.32
2022-06-27 16:00:00,3.83,8.42,1038.1,0,0,0,4.42
2022-06-28 16:00:00,3.84,8.31,0,-992.6,0,0,4.3
2022-06-29 16:00:00,3.85,8.09,0,-1932.9,0,0,4.08
2022-06-30 16:00:00,3.85,8.06,0,-249.6,0,0,4.05
2022-07-01 16:00:00,3.87,8.13,617,0,0,0,4.1
2022-07-04 16:00:00,3.88,8.23,901.6,0,0,0,4.19
2022-07-05 16:00:00,3.91,8.35,1066.2,0,0,0,4.27
2022-07-06 16:00:00,3.91,8,0,-3107.7,0,0,3.94
2022-07-07 16:00:00,3.91,8.06,466.5,0,0,0,3.99
2022-07-08 16:00:00,3.92,8.19,1238.88,0,10824.1,-9254,4.11
2022-07-11 16:00:00,3.92,8.42,2072.6,0,0,0,4.33
2022-07-12 16:00:00,3.93,8.35,0,-678.1,0,0,4.25
2022-07-13 16:00:00,3.93,8.11,0,-2111.7,0,0,4.02
2022-07-14 16:00:00,3.93,7.83,0,-2580.2,0,0,3.75
2022-07-15 16:00:00,3.95,7.61,0,-1940.48,0,0,3.52
2022-07-18 16:00:00,3.95,8.3,6229.3,0,0,0,4.18
2022-07-19 16:00:00,3.96,8.3,0,-73.4,0,0,4.17
2022-07-20 16:00:00,3.95,8.44,1303.4,0,0,0,4.32
2022-07-21 16:00:00,3.96,8.21,0,-2051.95,0,0,4.09
2022-07-22 16:00:00,3.98,8.57,3196.9,0,0,0,4.41
2022-07-25 16:00:00,3.99,8.58,70.5,0,0,0,4.41
2022-07-26 16:00:00,3.99,8.71,1225.6,0,0,0,4.54
2022-07-27 16:00:00,3.99,8.61,0,-912.9,0,0,4.44
2022-07-28 16:00:00,3.99,8.92,2744.1,0,0,0,4.74
2022-07-29 16:00:00,4.01,9.37,4126.7,0,0,0,5.15
2022-08-01 16:00:00,4.01,9.4,200.5,0,0,0,5.18
2022-08-02 16:00:00,4.01,9.38,0,-137.9,0,0,5.16
2022-08-03 16:00:00,4.03,9.25,0,-1176.6,0,0,5.02
2022-08-04 16:00:00,4.04,9.87,5603.1,0,0,0,5.6
2022-08-05 16:00:00,4.04,10.31,3898.6,0,0,0,6.03
2022-08-08 16:00:00,4.04,10.09,0,-1930.98,43683.4,-36086.7,5.82
2022-08-09 16:00:00,4.05,10.11,144.3,0,0,0,5.82
2022-08-10 16:00:00,4.06,10.04,0,-632.1,0,0,5.75
2022-08-11 16:00:00,4.05,10.27,2104.4,0,0,0,5.98
2022-08-12 16:00:00,4.07,10.22,0,-458.5,0,0,5.91
2022-08-15 16:00:00,4.07,10.57,3172.3,0,0,0,6.25
2022-08-16 16:00:00,4.08,10.53,0,-395.6,0,0,6.2
2022-08-17 16:00:00,4.08,10.41,0,-1081.1,0,0,6.08
2022-08-18 16:00:00,4.08,10.15,0,-2343.7,0,0,5.83
2022-08-19 16:00:00,4.1,10.35,1825.3,0,0,0,6
2022-08-22 16:00:00,4.1,10.19,0,-1430.5,0,0,5.85
2022-08-23 16:00:00,4.11,10.27,738.7,0,0,0,5.92
2022-08-24 16:00:00,4.12,10.45,1542,0,0,0,6.08
2022-08-25 16:00:00,4.11,10.64,1753,0,0,0,6.27
2022-08-26 16:00:00,4.12,10.39,0,-2273.7,0,0,6.02
2022-08-29 16:00:00,4.12,10.07,0,-2828.4,0,0,5.71
2022-08-30 16:00:00,4.13,10.12,422.6,0,0,0,5.75
2022-08-31 16:00:00,4.14,10.37,2262.8,0,0,0,5.98
2022-09-01 16:00:00,4.14,10.02,0,-3185.6,0,0,5.65
2022-09-02 16:00:00,4.15,10.27,2267.4,0,0,0,5.88
2022-09-05 16:00:00,4.16,10.55,2507.2,0,0,0,6.13
2022-09-06 16:00:00,4.16,10.54,0,-84.9,0,0,6.13
2022-09-07 16:00:00,4.16,10.31,0,-2083.9,0,0,5.9
2022-09-08 16:00:00,4.16,10.56,2290.4,0,22813.2,-16394.6,6.14
2022-09-09 16:00:00,4.17,10.74,1573.3,0,0,0,6.31
2022-09-13 16:00:00,4.18,11.11,3321.6,0,0,0,6.65
2022-09-14 16:00:00,4.19,10.55,0,-4978.4,0,0,6.1
2022-09-15 16:00:00,4.2,10.56,106,0,0,0,6.1
2022-09-16 16:00:00,4.22,10.13,0,-3894.8,0,0,5.67
2022-09-19 16:00:00,4.22,10.1,0,-319.5,0,0,5.64
2022-09-20 16:00:00,4.22,10.14,360.2,0,0,0,5.68
2022-09-21 16:00:00,4.23,10.27,1229.2,0,0,0,5.79
2022-09-22 16:00:00,4.23,10.13,0,-1316.8,0,0,5.66
2022-09-23 16:00:00,4.24,10.17,433.2,0,0,0,5.69
2022-09-26 16:00:00,4.24,9.48,0,-6231.2,0,0,5.03
2022-09-27 16:00:00,4.23,9.43,0,-447,0,0,4.99
2022-09-28 16:00:00,4.24,9.44,32.5,0,0,0,4.99
2022-09-29 16:00:00,4.23,9.54,965.2,0,0,0,5.09
2022-09-30 16:00:00,4.31,9.7,1410,0,0,0,5.17
2022-10-10 16:00:00,4.31,9.92,2004.9,0,0,0,5.38
2022-10-11 16:00:00,4.32,9.88,0,-341.2,0,0,5.33
2022-10-12 16:00:00,4.32,9.9,170.4,0,0,0,5.35
2022-10-13 16:00:00,4.32,9.86,0,-406.4,0,0,5.31
2022-10-14 16:00:00,4.33,10.08,1962.4,0,0,0,5.51
2022-10-17 16:00:00,4.33,9.71,0,-3315.71,5141.7,-3228.4,5.16
2022-10-18 16:00:00,4.34,9.96,2243.4,0,0,0,5.39
2022-10-19 16:00:00,4.34,9.88,0,-733,0,0,5.31
2022-10-20 16:00:00,4.35,9.78,0,-854.6,0,0,5.2
2022-10-21 16:00:00,4.35,9.84,509,0,0,0,5.26
2022-10-24 16:00:00,4.36,10.08,2143.4,0,0,0,5.48
2022-10-25 16:00:00,4.35,10.26,1663.8,0,0,0,5.66
2022-10-26 16:00:00,4.35,10.35,761,0,0,0,5.75
2022-10-27 16:00:00,4.36,9.8,0,-4918.2,0,0,5.21
2022-10-28 16:00:00,4.38,9.47,0,-2958.8,0,0,4.88
2022-10-31 16:00:00,4.38,9.59,1065.8,0,0,0,4.99
2022-11-01 16:00:00,4.38,9.71,1060.2,0,0,0,5.11
2022-11-02 16:00:00,4.39,9.44,0,-2419.4,0,0,4.84
2022-11-03 16:00:00,4.4,9.07,0,-3313.2,0,0,4.47
2022-11-04 16:00:00,4.41,9.2,1197,0,0,0,4.59
2022-11-07 16:00:00,4.4,9.33,1176.4,0,0,0,4.72
2022-11-08 16:00:00,4.41,9.31,0,-242.4,21494.7,-21672.4,4.69
2022-11-09 16:00:00,4.42,9.79,4393,0,0,0,5.14
2022-11-10 16:00:00,4.43,9.73,0,-587.8,0,0,5.08
2022-11-11 16:00:00,4.43,10.35,5549.7,0,0,0,5.67
2022-11-14 16:00:00,4.42,9.82,0,-4756.7,0,0,5.17
2022-11-15 16:00:00,4.42,10.11,2651.4,0,0,0,5.45
2022-11-16 16:00:00,4.44,10.22,993.9,0,0,0,5.53
2022-11-17 16:00:00,4.44,10.27,413.2,0,0,0,5.58
2022-11-18 16:00:00,4.45,10.16,0,-969.8,0,0,5.47
2022-11-21 16:00:00,4.46,10.29,1189.2,0,0,0,5.58
2022-11-22 16:00:00,4.47,10.42,1119.4,0,0,0,5.7
2022-11-23 16:00:00,4.46,10.81,3572.4,0,0,0,6.08
2022-11-24 16:00:00,4.47,11.01,1747.3,0,0,0,6.26
2022-11-25 16:00:00,4.48,11.46,4111,0,0,0,6.68
2022-11-28 16:00:00,4.48,11.18,0,-2559.7,0,0,6.41
2022-11-29 16:00:00,4.48,11.13,0,-471.7,0,0,6.36
2022-11-30 16:00:00,4.5,11.1,0,-290.5,0,0,6.32
2022-12-01 16:00:00,4.48,11.19,861.4,0,0,0,6.42
2022-12-02 16:00:00,4.5,11.13,0,-594.3,0,0,6.34
2022-12-05 16:00:00,4.5,10.91,0,-1915.3,0,0,6.13
2022-12-06 16:00:00,4.51,10.65,0,-2363.2,0,0,5.88
2022-12-07 16:00:00,4.52,10.46,0,-1722.6,0,0,5.68
2022-12-08 16:00:00,4.52,10.75,2623.02,0,21959.6,-22188,5.96
2022-12-09 16:00:00,4.53,10.89,1300,0,0,0,6.08
2022-12-12 16:00:00,4.53,10.51,0,-3418.7,0,0,5.72
2022-12-13 16:00:00,4.53,10.64,1130.1,0,0,0,5.85
2022-12-14 16:00:00,4.54,10.95,2747.1,0,0,0,6.13
2022-12-15 16:00:00,4.56,10.63,0,-2841.8,0,0,5.81
2022-12-16 16:00:00,4.58,10.61,0,-172,0,0,5.77
2022-12-19 16:00:00,4.58,10.28,0,-2971.3,0,0,5.45
2022-12-20 16:00:00,4.58,10.12,0,-1474.9,0,0,5.3
2022-12-21 16:00:00,4.58,10.47,3212.6,0,0,0,5.63
2022-12-22 16:00:00,4.58,10.5,276.4,0,0,0,5.66
2022-12-23 16:00:00,4.59,10.35,0,-1426.1,0,0,5.51
2022-12-26 16:00:00,4.58,10.51,1448.9,0,0,0,5.67
2022-12-27 16:00:00,4.6,10.96,4066.2,0,0,0,6.08
2022-12-28 16:00:00,4.6,10.74,0,-1943.5,0,0,5.87
2022-12-29 16:00:00,4.56,10.66,0,-724.2,0,0,5.83
2022-12-30 16:00:00,4.71,11.11,3999,0,0,0,6.11
2023-01-03 16:00:00,4.67,11.16,452.3,0,0,0,6.2
2023-01-04 16:00:00,4.67,11.27,999.3,0,0,0,6.31
2023-01-05 16:00:00,4.66,11.2,0,-611.7,0,0,6.25
2023-01-06 16:00:00,4.68,11,0,-1798.9,0,0,6.04
2023-01-09 16:00:00,4.69,11.28,2540.1,0,0,0,6.29
2023-01-10 16:00:00,4.7,11.09,0,-1744.9,37748.6,-32231.4,6.1
2023-01-11 16:00:00,4.7,11.22,1189.3,0,0,0,6.23
2023-01-12 16:00:00,4.69,11.33,999.7,0,0,0,6.34
2023-01-13 16:00:00,4.71,11.59,2316,0,0,0,6.57
2023-01-16 16:00:00,4.7,11.55,0,-342.5,0,0,6.54
2023-01-17 16:00:00,4.72,11.56,68.3,0,0,0,6.53
2023-01-18 16:00:00,4.74,11.7,1289.1,0,0,0,6.65
2023-01-19 16:00:00,4.74,11.46,0,-2171.8,0,0,6.42
2023-01-20 16:00:00,4.79,11.87,3654.6,0,0,0,6.76
2023-01-30 16:00:00,4.79,12.2,2971.7,0,0,0,7.07
2023-01-31 16:00:00,4.79,11.93,0,-2402.8,0,0,6.81
2023-02-01 16:00:00,4.8,12.22,2626.1,0,0,0,7.08
2023-02-02 16:00:00,4.84,12.57,3164.2,0,0,0,7.37
2023-02-03 16:00:00,4.88,12.36,0,-1930.2,0,0,7.13
2023-02-06 16:00:00,4.88,12.2,0,-1448.1,0,0,6.98
2023-02-07 16:00:00,4.83,12.19,0,-107.8,0,0,7.02
2023-02-08 16:00:00,4.84,12.39,1806.9,0,13951,-22478.5,7.2
2023-02-09 16:00:00,4.83,12.32,0,-580.1,0,0,7.14
2023-02-10 16:00:00,4.86,12.12,0,-1778.3,0,0,6.92
2023-02-13 16:00:00,4.85,12.2,672.5,0,0,0,7.01
2023-02-14 16:00:00,4.86,12.24,408.4,0,0,0,7.04
2023-02-15 16:00:00,4.87,12.09,0,-1422.2,0,0,6.88
2023-02-16 16:00:00,4.87,12.21,1146.4,0,0,0,7
2023-02-17 16:00:00,4.89,11.9,0,-2831.6,0,0,6.68
2023-02-20 16:00:00,4.89,12.24,3075.1,0,0,0,7.01
2023-02-21 16:00:00,4.89,12.2,0,-381,0,0,6.97
2023-02-22 16:00:00,4.9,12.13,0,-576.3,0,0,6.89
2023-02-23 16:00:00,4.91,12.11,0,-188.2,0,0,6.86
2023-02-24 16:00:00,4.92,12.19,699.4,0,0,0,6.93
2023-02-27 16:00:00,4.92,11.94,0,-2290.8,0,0,6.69
2023-02-28 16:00:00,4.92,11.98,365,0,0,0,6.73
2023-03-01 16:00:00,4.93,11.89,0,-761.3,0,0,6.63
2023-03-02 16:00:00,4.94,11.7,0,-1714.4,0,0,6.44
2023-03-03 16:00:00,4.96,12.16,4140.4,0,0,0,6.86
2023-03-06 16:00:00,4.97,12.54,3429.4,0,0,0,7.21
2023-03-07 16:00:00,4.98,12.84,2664.9,0,0,0,7.49
2023-03-08 16:00:00,4.98,12.62,0,-1933.89,9148.7,-4798.5,7.28
2023-03-09 16:00:00,4.99,12.72,835.2,0,0,0,7.36
2023-03-10 16:00:00,5.01,12.58,0,-1266.1,0,0,7.21
2023-03-13 16:00:00,4.99,12.97,3581.5,0,0,0,7.6
2023-03-14 16:00:00,5,13.01,296.5,0,0,0,7.63
2023-03-15 16:00:00,5,13.25,2166,0,0,0,7.86
2023-03-16 16:00:00,5,13.57,2921.9,0,0,0,8.16
2023-03-17 16:00:00,5.01,13.83,2335.7,0,0,0,8.4
2023-03-20 16:00:00,5.02,14.05,1959.9,0,0,0,8.6
2023-03-21 16:00:00,5.03,13.82,0,-2050,0,0,8.37
2023-03-22 16:00:00,5.04,13.83,86.1,0,0,0,8.37
2023-03-23 16:00:00,5.05,13.76,0,-614.8,0,0,8.29
2023-03-24 16:00:00,5.06,13.61,0,-1352.8,0,0,8.14
2023-03-27 16:00:00,5.06,13.48,0,-1196.1,0,0,8.01
2023-03-28 16:00:00,5.07,13.56,726.7,0,0,0,8.08
2023-03-29 16:00:00,5.06,13.82,2316.8,0,0,0,8.34
2023-03-30 16:00:00,5.06,14.02,1859.4,0,0,0,8.53
2023-03-31 16:00:00,5.06,14.32,2661.6,0,0,0,8.81
2023-04-03 16:00:00,5.1,14.39,631.1,0,0,0,8.84
2023-04-04 16:00:00,5.12,14.95,5031.6,0,0,0,9.35
2023-04-06 16:00:00,5.14,15.04,813.8,0,0,0,9.42
2023-04-07 16:00:00,5.16,14.98,0,-507.5,0,0,9.34
2023-04-10 16:00:00,5.15,14.77,0,-1885.4,0,0,9.15
2023-04-11 16:00:00,5.15,15.08,2708.37,0,67701.2,-65554,9.44
2023-04-12 16:00:00,5.16,15.11,304.6,0,0,0,9.46
2023-04-13 16:00:00,5.17,15.13,229.9,0,0,0,9.47
2023-04-14 16:00:00,5.18,15.1,0,-295.3,0,0,9.43
2023-04-17 16:00:00,5.19,15.31,1853.1,0,0,0,9.62
2023-04-18 16:00:00,5.21,15.48,1570,0,0,0,9.76
2023-04-19 16:00:00,5.21,15.26,0,-2021.3,0,0,9.55
2023-04-20 16:00:00,5.21,15.22,0,-333,0,0,9.51
2023-04-21 16:00:00,5.22,14.91,0,-2784.9,0,0,9.21
2023-04-24 16:00:00,5.22,15.2,2615.6,0,0,0,9.48
2023-04-25 16:00:00,5.23,15.54,3055.9,0,0,0,9.8
2023-04-26 16:00:00,5.23,15.43,0,-999.1,0,0,9.69
2023-04-27 16:00:00,5.25,15.7,2410.6,0,0,0,9.93
2023-04-28 16:00:00,5.27,15.85,1331.8,0,0,0,10.05
2023-05-04 16:00:00,5.3,16.9,9452.7,0,0,0,11.02
2023-05-05 16:00:00,5.32,17.15,2309.1,0,0,0,11.23
2023-05-08 16:00:00,5.32,18.25,9886.6,0,0,0,12.28
2023-05-09 16:00:00,5.32,18.13,0,-1069.6,0,0,12.16
2023-05-10 16:00:00,5.34,17.36,0,-6937.2,0,0,11.41
2023-05-11 16:00:00,5.37,17.66,2671.98,0,50783.4,-56140.5,11.66
2023-05-12 16:00:00,5.39,17.82,1487.1,0,0,0,11.79
2023-05-15 16:00:00,5.37,17.74,0,-744.1,0,0,11.74
2023-05-16 16:00:00,5.36,17.82,694.6,0,0,0,11.83
2023-05-17 16:00:00,5.36,17.61,0,-1912.5,0,0,11.63
2023-05-18 16:00:00,5.36,17.98,3350.6,0,0,0,11.98
2023-05-19 16:00:00,5.37,17.96,0,-176.5,0,0,11.95
2023-05-22 16:00:00,5.37,18.11,1405,0,0,0,12.09
2023-05-23 16:00:00,5.37,18.14,223.4,0,0,0,12.12
2023-05-24 16:00:00,5.38,17.58,0,-5005.1,0,0,11.58
2023-05-25 16:00:00,5.38,17.78,1737.4,0,0,0,11.77
2023-05-26 16:00:00,5.4,17.76,0,-180,0,0,11.73
2023-05-29 16:00:00,5.41,18.4,5784.8,0,0,0,12.32
2023-05-30 16:00:00,5.41,18.23,0,-1531.1,0,0,12.16
2023-05-31 16:00:00,5.42,18.4,1493.7,0,0,0,12.31
2023-06-01 16:00:00,5.42,18.39,0,-17.1,0,0,12.3
2023-06-02 16:00:00,5.44,18.42,258.3,0,0,0,12.31
2023-06-05 16:00:00,5.44,18.84,3744.6,0,0,0,12.71
2023-06-06 16:00:00,5.45,19.06,1975.1,0,0,0,12.91
2023-06-07 16:00:00,5.46,19.23,1556.1,0,0,0,13.06
2023-06-08 16:00:00,5.47,19.14,0,-843.02,65667.6,-64604.6,12.96
2023-06-09 16:00:00,5.46,19.58,3954.4,0,0,0,13.39
2023-06-12 16:00:00,5.48,19.57,0,-91.7,0,0,13.36
2023-06-13 16:00:00,5.48,20.06,4407.9,0,0,0,13.82
2023-06-14 16:00:00,5.49,19.86,0,-1771.3,0,0,13.62
2023-06-15 16:00:00,5.48,19.94,714.2,0,0,0,13.71
2023-06-16 16:00:00,5.49,19.97,308.5,0,0,0,13.73
2023-06-19 16:00:00,5.51,19.89,0,-735.4,0,0,13.63
2023-06-20 16:00:00,5.51,19.74,0,-1391.2,0,0,13.49
2023-06-21 16:00:00,5.53,20.12,3480.5,0,0,0,13.83
2023-06-26 16:00:00,5.54,20.03,0,-822.1,0,0,13.73
2023-06-27 16:00:00,5.55,19.86,0,-1547.7,0,0,13.56
2023-06-28 16:00:00,5.54,20.04,1662.1,0,0,0,13.74
2023-06-29 16:00:00,5.53,19.97,0,-624.4,0,0,13.68
2023-06-30 16:00:00,5.57,20.24,2420.3,0,0,0,13.9
2023-07-03 16:00:00,5.59,21.02,7001.8,0,0,0,14.61
2023-07-04 16:00:00,5.6,20.81,0,-1880.9,0,0,14.4
2023-07-05 16:00:00,5.61,20.75,0,-594.3,0,0,14.34
2023-07-06 16:00:00,5.63,20.65,0,-896,0,0,14.22
2023-07-07 16:00:00,5.64,20.55,0,-859,0,0,14.11
2023-07-10 16:00:00,5.63,20.55,0,-22.7,14827.4,-4984.4,14.12
2023-07-11 16:00:00,5.63,20.75,1784.6,0,0,0,14.31
2023-07-12 16:00:00,5.63,20.92,1525,0,0,0,14.48
2023-07-13 16:00:00,5.64,21.28,3296.7,0,0,0,14.8
2023-07-14 16:00:00,5.65,21.29,80,0,0,0,14.8
2023-07-17 16:00:00,5.66,21.53,2170,0,0,0,15.02
2023-07-18 16:00:00,5.68,21.7,1462.92,0,0,0,15.16
2023-07-19 16:00:00,5.67,22.24,4931.6,0,0,0,15.68
2023-07-20 16:00:00,5.68,22.15,0,-868.1,0,0,15.58
2023-07-21 16:00:00,5.69,21.98,0,-1530.56,0,0,15.41
2023-07-24 16:00:00,5.69,22.08,881.1,0,0,0,15.51
2023-07-25 16:00:00,5.69,21.83,0,-2170.6,0,0,15.27
2023-07-26 16:00:00,5.7,22.18,3140.2,0,0,0,15.59
2023-07-27 16:00:00,5.71,22.58,3584.1,0,0,0,15.96
2023-07-28 16:00:00,5.7,22.3,0,-2546.1,0,0,15.7
2023-07-31 16:00:00,5.71,22.34,413.2,0,0,0,15.73
2023-08-01 16:00:00,5.73,22.68,3053.5,0,0,0,16.03
2023-08-02 16:00:00,5.74,22.42,0,-2405.5,0,0,15.77
2023-08-03 16:00:00,5.76,22.25,0,-1539,0,0,15.59
2023-08-04 16:00:00,5.78,22.4,1364.7,0,0,0,15.71
2023-08-07 16:00:00,5.77,22.39,0,-95.5,0,0,15.71
2023-08-08 16:00:00,5.77,22.39,74.2,0,30501.4,-21981.6,15.71
2023-08-09 16:00:00,5.77,22.54,1281.7,0,0,0,15.86
2023-08-10 16:00:00,5.78,22.38,0,-1370.8,0,0,15.69
2023-08-11 16:00:00,5.8,22.3,0,-723.7,0,0,15.6
2023-08-14 16:00:00,5.81,22.28,0,-246.3,0,0,15.57
2023-08-15 16:00:00,5.82,22.81,4815.9,0,0,0,16.06
2023-08-16 16:00:00,5.83,22.65,0,-1464.6,0,0,15.89
2023-08-17 16:00:00,5.81,22.67,215.2,0,0,0,15.93
2023-08-18 16:00:00,5.82,22.57,0,-913.1,0,0,15.83
2023-08-21 16:00:00,5.84,22.67,912.1,0,0,0,15.9
2023-08-22 16:00:00,5.83,22.71,311.4,0,0,0,15.95
2023-08-23 16:00:00,5.84,22.76,463.8,0,0,0,15.99
2023-08-24 16:00:00,5.84,23.06,2727.4,0,0,0,16.27
2023-08-25 16:00:00,5.85,22.77,0,-2657.3,0,0,15.98
2023-08-28 16:00:00,5.85,22.92,1364.6,0,0,0,16.13
2023-08-29 16:00:00,5.85,22.9,0,-161.6,0,0,16.11
2023-08-30 16:00:00,5.86,23.23,2925.2,0,0,0,16.41
2023-08-31 16:00:00,5.87,23.45,2008.5,0,0,0,16.61
2023-09-01 16:00:00,5.91,23.19,0,-2342.1,0,0,16.32
2023-09-04 16:00:00,5.91,23.05,0,-1247.1,0,0,16.18
2023-09-05 16:00:00,5.9,23.22,1543.5,0,0,0,16.36
2023-09-06 16:00:00,5.9,23.35,1146.2,0,0,0,16.48
2023-09-07 16:00:00,5.91,23.23,0,-1095.5,0,0,16.35
2023-09-08 16:00:00,5.92,23.24,128.3,0,12945.8,-12766,16.35
2023-09-11 16:00:00,5.92,23.26,127.4,0,0,0,16.37
2023-09-12 16:00:00,5.92,23.3,384.6,0,0,0,16.41
2023-09-13 16:00:00,5.93,23.17,0,-1150.6,0,0,16.27
2023-09-14 16:00:00,5.93,23.62,4055.7,0,0,0,16.7
2023-09-15 16:00:00,5.94,23.5,0,-1077.4,0,0,16.58
2023-09-18 16:00:00,5.94,23.15,0,-3168,0,0,16.25
2023-09-19 16:00:00,5.95,23.27,1049,0,0,0,16.35
2023-09-20 16:00:00,5.95,23.52,2285,0,0,0,16.58
2023-09-21 16:00:00,5.95,23.09,0,-3842.1,0,0,16.18
2023-09-22 16:00:00,5.96,22.95,0,-1288.6,0,0,16.03
2023-09-25 16:00:00,5.98,23.05,897,0,0,0,16.11
2023-09-26 16:00:00,5.98,22.94,0,-1016.8,0,0,16
2023-09-27 16:00:00,5.99,22.38,0,-5007.1,0,0,15.46
2023-09-28 16:00:00,6.06,22.35,0,-284.2,0,0,15.36
2023-10-09 16:00:00,6.08,22.27,0,-699.9,0,0,15.26
2023-10-10 16:00:00,6.1,22.15,0,-1129,0,0,15.13
2023-10-11 16:00:00,6.09,22.17,210.2,0,0,0,15.16
2023-10-12 16:00:00,6.09,22.4,2054.9,0,0,0,15.37
2023-10-13 16:00:00,6.11,22.64,2208.9,0,0,0,15.58
2023-10-16 16:00:00,6.11,22.79,1372.6,0,6205,-3131.8,15.72
2023-10-17 16:00:00,6.11,22.99,1785.4,0,0,0,15.91
2023-10-18 16:00:00,6.14,23.15,1422.8,0,0,0,16.03
2023-10-19 16:00:00,6.15,22.87,0,-2575.2,0,0,15.75
2023-10-20 16:00:00,6.14,22.8,0,-577.3,0,0,15.7
2023-10-23 16:00:00,6.15,22.54,0,-2315.7,0,0,15.44
2023-10-24 16:00:00,6.15,22.46,0,-718.7,0,0,15.37
2023-10-25 16:00:00,6.13,22,0,-4199.6,0,0,14.95
2023-10-26 16:00:00,6.13,22.03,329.7,0,0,0,14.98
2023-10-27 16:00:00,6.15,22.15,1065.1,0,0,0,15.07
2023-10-30 16:00:00,6.16,22.31,1426.4,0,0,0,15.21
2023-10-31 16:00:00,6.17,22.36,478.4,0,0,0,15.25
2023-11-01 16:00:00,6.19,22.67,2721.9,0,0,0,15.52
2023-11-02 16:00:00,6.2,23.24,5182.6,0,0,0,16.05
2023-11-03 16:00:00,6.19,23.51,2384.7,0,0,0,16.31
2023-11-06 16:00:00,6.19,23.39,0,-1089.8,0,0,16.2
2023-11-07 16:00:00,6.21,23.44,509.3,0,0,0,16.22
2023-11-08 16:00:00,6.21,23.52,723.4,0,16974,-15909.6,16.3
2023-11-09 16:00:00,6.21,23.62,885.2,0,0,0,16.39
2023-11-10 16:00:00,6.23,23.43,0,-1725.4,0,0,16.19
2023-11-13 16:00:00,6.23,23.7,2458.5,0,0,0,16.45
2023-11-14 16:00:00,6.24,23.69,0,-101.8,0,0,16.43
2023-11-15 16:00:00,6.24,24.05,3212.6,0,0,0,16.76
2023-11-16 16:00:00,6.26,24.1,429.4,0,0,0,16.79
2023-11-17 16:00:00,6.26,24.01,0,-786.5,0,0,16.7
2023-11-20 16:00:00,6.28,23.61,0,-3565.9,0,0,16.31
2023-11-21 16:00:00,6.28,23.86,2244.3,0,0,0,16.54
2023-11-22 16:00:00,6.29,23.66,0,-1822,0,0,16.34
2023-11-23 16:00:00,6.29,23.49,0,-1516.3,0,0,16.18
2023-11-24 16:00:00,6.32,23.63,1270,0,0,0,16.28
2023-11-27 16:00:00,6.31,23.5,0,-1174.8,0,0,16.17
2023-11-28 16:00:00,6.31,23.61,986.8,0,0,0,16.27
2023-11-29 16:00:00,6.31,23.67,491.5,0,0,0,16.33
2023-11-30 16:00:00,6.32,23.92,2311.6,0,0,0,16.55
2023-12-01 16:00:00,6.35,23.86,0,-605.5,0,0,16.46
2023-12-04 16:00:00,6.35,24.18,2936.9,0,0,0,16.77
2023-12-05 16:00:00,6.35,23.74,0,-3997.8,0,0,16.35
2023-12-06 16:00:00,6.35,23.7,0,-366.4,0,0,16.31
2023-12-07 16:00:00,6.37,23.68,0,-144,0,0,16.27
2023-12-08 16:00:00,6.35,23.95,2461.8,0,6928.8,-6892.8,16.55
2023-12-11 16:00:00,6.37,24,379.9,0,0,0,16.57
2023-12-12 16:00:00,6.39,24.37,3380.3,0,0,0,16.9
2023-12-13 16:00:00,6.41,24.53,1379.7,0,0,0,17.03
2023-12-14 16:00:00,6.41,24.78,2269.3,0,0,0,17.26
2023-12-15 16:00:00,6.41,24.55,0,-2057.8,0,0,17.05
2023-12-18 16:00:00,6.41,24.83,2518.7,0,0,0,17.31
2023-12-19 16:00:00,6.42,24.93,889.2,0,0,0,17.39
2023-12-20 16:00:00,6.43,25.15,1994.4,0,0,0,17.59
2023-12-21 16:00:00,6.42,24.95,0,-1773.9,0,0,17.41
2023-12-22 16:00:00,6.44,25.1,1351.9,0,0,0,17.53
2023-12-25 16:00:00,6.45,25.32,2004,0,0,0,17.73
2023-12-26 16:00:00,6.45,25.52,1714.1,0,0,0,17.91
2023-12-27 16:00:00,6.46,25.65,1212.5,0,0,0,18.03
2023-12-28 16:00:00,6.44,25.29,0,-3275.7,0,0,17.71
2023-12-29 16:00:00,6.5,25.12,0,-1480.1,0,0,17.48
2024-01-02 16:00:00,6.53,25.26,1224,0,0,0,17.58
2024-01-03 16:00:00,6.53,25.31,431.7,0,0,0,17.63
2024-01-04 16:00:00,6.54,25.52,1927.7,0,0,0,17.81
2024-01-05 16:00:00,6.56,25.46,0,-540.5,0,0,17.74
2024-01-08 16:00:00,6.56,25.24,0,-1948.6,0,0,17.53
2024-01-09 16:00:00,6.56,25.68,3971.6,0,13367.6,-11956.9,17.94
2024-01-10 16:00:00,6.57,25.58,0,-918.2,0,0,17.84
2024-01-11 16:00:00,6.57,25.44,0,-1257.2,0,0,17.71
2024-01-12 16:00:00,6.59,25.62,1620.9,0,0,0,17.85
2024-01-15 16:00:00,6.6,25.68,489.6,0,0,0,17.9
2024-01-16 16:00:00,6.6,25.61,0,-597.5,0,0,17.83
2024-01-17 16:00:00,6.61,25.3,0,-2818.9,0,0,17.53
2024-01-18 16:00:00,6.62,25.24,0,-519.7,0,0,17.46
2024-01-19 16:00:00,6.63,25.76,4665.8,0,0,0,17.94
2024-01-22 16:00:00,6.65,26.05,2583.4,0,0,0,18.19
2024-01-23 16:00:00,6.64,25.94,0,-955.6,0,0,18.1
2024-01-24 16:00:00,6.64,26.44,4525.4,0,0,0,18.57
2024-01-25 16:00:00,6.63,26.6,1406.4,0,0,0,18.73
2024-01-26 16:00:00,6.66,26.73,1189.3,0,0,0,18.82
2024-01-29 16:00:00,6.67,26.97,2164.2,0,0,0,19.03
2024-01-30 16:00:00,6.68,27.3,2922.1,0,0,0,19.33
2024-01-31 16:00:00,6.69,27.56,2357.2,0,0,0,19.56
2024-02-01 16:00:00,6.7,27.61,464.5,0,0,0,19.6
2024-02-02 16:00:00,6.71,28,3504.5,0,0,0,19.95
2024-02-05 16:00:00,6.72,28.46,4140.4,0,0,0,20.37
2024-02-06 16:00:00,6.71,28.16,0,-2664.7,0,0,20.1
2024-02-07 16:00:00,6.73,27.98,0,-1643.8,0,0,19.91
2024-02-08 16:00:00,6.83,28.48,4462.8,0,37529.8,-35656.6,20.27
2024-02-19 16:00:00,6.78,29.03,5021.1,0,0,0,20.84
2024-02-20 16:00:00,6.79,29.35,2872.1,0,0,0,21.13
2024-02-21 16:00:00,6.78,29.18,0,-1552.7,0,0,20.98
2024-02-22 16:00:00,6.79,29.47,2574.9,0,0,0,21.24
2024-02-23 16:00:00,6.8,29.88,3710.1,0,0,0,21.61
2024-02-26 16:00:00,6.81,29.21,0,-5987.2,0,0,20.97
2024-02-27 16:00:00,6.81,29.37,1390.4,0,0,0,21.12
2024-02-28 16:00:00,6.81,29.58,1952.9,0,0,0,21.32
2024-02-29 16:00:00,6.81,29.59,45.9,0,0,0,21.33
2024-03-01 16:00:00,6.84,30.09,4488.6,0,0,0,21.76
2024-03-04 16:00:00,6.85,30.82,6609.8,0,0,0,22.43
2024-03-05 16:00:00,6.86,31.45,5617.2,0,0,0,23.01
2024-03-06 16:00:00,6.87,31.48,253.1,0,0,0,23.03
2024-03-07 16:00:00,6.87,31.78,2719.4,0,0,0,23.31
2024-03-08 16:00:00,6.88,32.26,4337.82,0,17861.8,-27088.1,23.75
2024-03-11 16:00:00,6.88,31.94,0,-2891.9,0,0,23.45
2024-03-12 16:00:00,6.89,31.13,0,-7290.4,0,0,22.68
2024-03-13 16:00:00,6.89,31.19,561.7,0,0,0,22.73
2024-03-14 16:00:00,6.9,31.12,0,-653.4,0,0,22.66
2024-03-15 16:00:00,6.92,31.29,1547.9,0,0,0,22.79
2024-03-18 16:00:00,6.93,31.02,0,-2440.6,0,0,22.53
2024-03-19 16:00:00,6.93,31.1,687.3,0,0,0,22.6
2024-03-20 16:00:00,6.94,31.5,3602.5,0,0,0,22.97
2024-03-21 16:00:00,6.94,32.25,6835.9,0,0,0,23.67
2024-03-22 16:00:00,6.96,32.15,0,-988.3,0,0,23.55
2024-03-25 16:00:00,6.98,31.93,0,-1965.8,0,0,23.32
2024-03-26 16:00:00,6.97,32.01,735.4,0,0,0,23.41
2024-03-27 16:00:00,6.97,32.35,3078.1,0,0,0,23.73
2024-03-28 16:00:00,6.96,32.08,0,-2434.1,0,0,23.49
2024-03-29 16:00:00,7.02,32.69,5529.8,0,0,0,23.99
2024-04-01 16:00:00,7.01,32.81,1053.6,0,0,0,24.11
2024-04-02 16:00:00,7.04,32.81,0,-8.8,0,0,24.08
2024-04-03 16:00:00,7.07,32.91,908.3,0,0,0,24.13
2024-04-08 16:00:00,7.09,33.98,9632.6,0,0,0,25.11
2024-04-09 16:00:00,7.07,33.93,0,-491.6,0,0,25.09
2024-04-10 16:00:00,7.07,34.3,3339.88,0,50424.2,-37419.2,25.43
2024-04-11 16:00:00,7.05,33.78,0,-4619.8,0,0,24.97
2024-04-12 16:00:00,7.07,34.77,8838.6,0,0,0,25.87
2024-04-15 16:00:00,7.07,34.78,133.1,0,0,0,25.88
2024-04-16 16:00:00,7.08,34.87,749.9,0,0,0,25.95
2024-04-17 16:00:00,7.08,34.75,0,-1054.4,0,0,25.84
2024-04-18 16:00:00,7.08,34.85,888.7,0,0,0,25.93
2024-04-19 16:00:00,7.1,34.92,651.1,0,0,0,25.98
2024-04-22 16:00:00,7.1,34.34,0,-5233.9,0,0,25.43
2024-04-23 16:00:00,7.11,33.9,0,-3942.7,0,0,25.01
2024-04-24 16:00:00,7.11,34.28,3388.5,0,0,0,25.37
2024-04-25 16:00:00,7.12,34.23,0,-410.2,0,0,25.31
2024-04-26 16:00:00,7.12,34.07,0,-1413.3,0,0,25.16
2024-04-29 16:00:00,7.13,33.45,0,-5596.9,0,0,24.57
2024-04-30 16:00:00,7.16,33.79,3064.7,0,0,0,24.85
2024-05-06 16:00:00,7.16,33.89,925.1,0,0,0,24.94
2024-05-07 16:00:00,7.17,34.57,6112.1,0,0,0,25.57
2024-05-08 16:00:00,7.18,34.7,1156.7,0,0,0,25.68
2024-05-09 16:00:00,7.18,34.44,0,-2336.8,0,0,25.43
2024-05-10 16:00:00,7.2,34.87,3842.6,0,0,0,25.81
2024-05-13 16:00:00,7.2,35.11,2141.36,0,105666.8,-105894.8,26.04
2024-05-14 16:00:00,7.2,34.92,0,-1723.2,0,0,25.86
2024-05-15 16:00:00,7.21,35.2,2521.4,0,0,0,26.11
2024-05-16 16:00:00,7.21,35.54,3115.4,0,0,0,26.42
2024-05-17 16:00:00,7.22,35.84,2722.3,0,0,0,26.69
2024-05-20 16:00:00,7.23,36.45,5451.2,0,0,0,27.25
2024-05-21 16:00:00,7.23,36.42,0,-283,0,0,27.22
2024-05-22 16:00:00,7.24,36.6,1610.8,0,0,0,27.38
2024-05-23 16:00:00,7.26,36.43,0,-1525,0,0,27.2
2024-05-24 16:00:00,7.28,35.92,0,-4557.9,0,0,26.7
2024-05-27 16:00:00,7.27,36.41,4413.3,0,0,0,27.17
2024-05-28 16:00:00,7.27,36.58,1506.9,0,0,0,27.32
2024-05-29 16:00:00,7.26,36.49,0,-810.6,0,0,27.25
2024-05-30 16:00:00,7.28,35.98,0,-4576.6,0,0,26.75
2024-05-31 16:00:00,7.28,35.95,0,-319.3,0,0,26.72
2024-06-03 16:00:00,7.3,36.25,2720.3,0,0,0,26.98
2024-06-04 16:00:00,7.3,36.48,2093.1,0,0,0,27.19
2024-06-05 16:00:00,7.3,37.06,5173.1,0,0,0,27.74
2024-06-06 16:00:00,7.31,37.74,6123.1,0,0,0,28.36
2024-06-07 16:00:00,7.33,38,2387.11,0,0,0,28.58
2024-06-11 16:00:00,7.33,37.04,0,-8610.46,27727.2,-23827,27.68
2024-06-12 16:00:00,7.33,37.41,3310.1,0,0,0,28.03
2024-06-13 16:00:00,7.33,37.91,4453.2,0,0,0,28.49
2024-06-14 16:00:00,7.34,37.79,0,-1056.3,0,0,28.37
2024-06-17 16:00:00,7.35,37.55,0,-2134.8,0,0,28.13
2024-06-18 16:00:00,7.35,37.76,1904.2,0,0,0,28.33
2024-06-19 16:00:00,7.36,38.15,3513.1,0,0,0,28.68
2024-06-20 16:00:00,7.37,38.68,4774.4,0,0,0,29.16
2024-06-21 16:00:00,7.38,38.13,0,-4967.1,0,0,28.64
2024-06-24 16:00:00,7.38,38.37,2127.2,0,0,0,28.86
2024-06-25 16:00:00,7.38,38.16,0,-1859,0,0,28.66
2024-06-26 16:00:00,7.39,38.52,3177.5,0,0,0,28.99
2024-06-27 16:00:00,7.4,38.66,1333.1,0,0,0,29.11
2024-06-28 16:00:00,7.4,39.32,5907.6,0,0,0,29.72
2024-07-01 16:00:00,7.42,39.62,2666.3,0,0,0,29.98
2024-07-02 16:00:00,7.43,40.15,4820,0,0,0,30.46
2024-07-03 16:00:00,7.43,40.45,2644.2,0,0,0,30.74
2024-07-04 16:00:00,7.44,40.51,603.8,0,0,0,30.78
2024-07-05 16:00:00,7.44,40.62,930.1,0,0,0,30.88
2024-07-08 16:00:00,7.45,41.15,4808.29,0,46949,-45393.6,31.36
2024-07-09 16:00:00,7.44,41.5,3108,0,0,0,31.7
2024-07-10 16:00:00,7.45,41.14,0,-3194.7,0,0,31.35
2024-07-11 16:00:00,7.45,41.11,0,-295.1,0,0,31.33
2024-07-12 16:00:00,7.46,40.55,0,-5046.6,0,0,30.79
2024-07-15 16:00:00,7.47,41.5,8570.7,0,0,0,31.66
2024-07-16 16:00:00,7.47,41.7,1837.4,0,0,0,31.85
2024-07-17 16:00:00,7.47,41.94,2159.1,0,0,0,32.07
2024-07-18 16:00:00,7.48,41.81,0,-1188.6,0,0,31.94
2024-07-19 16:00:00,7.49,41.15,0,-5981.2,0,0,31.31
2024-07-22 16:00:00,7.49,40.88,0,-2428.6,0,0,31.06
2024-07-23 16:00:00,7.5,41.42,4902.7,0,0,0,31.55
2024-07-24 16:00:00,7.5,41.59,1496.2,0,0,0,31.71
2024-07-25 16:00:00,7.5,40.43,0,-10394.1,0,0,30.63
2024-07-26 16:00:00,7.51,40.13,0,-2720.5,0,0,30.34
2024-07-29 16:00:00,7.52,40.65,4706.9,0,0,0,30.81
2024-07-30 16:00:00,7.52,40.38,0,-2473.8,0,0,30.56
2024-07-31 16:00:00,7.52,40.25,0,-1185.7,0,0,30.44
2024-08-01 16:00:00,7.53,41.11,7768.6,0,0,0,31.23
2024-08-02 16:00:00,7.55,40.47,0,-5726,0,0,30.61
2024-08-05 16:00:00,7.56,38.53,0,-17475.8,0,0,28.79
2024-08-06 16:00:00,7.56,38.4,0,-1209.8,0,0,28.67
2024-08-07 16:00:00,7.57,38.51,1048.1,0,0,0,28.76
2024-08-08 16:00:00,7.56,38.14,0,-3365.87,78091.6,-78483.2,28.43
2024-08-09 16:00:00,7.58,38.44,2647.6,0,0,0,28.69
2024-08-12 16:00:00,7.58,38.03,0,-3684.8,0,0,28.3
2024-08-13 16:00:00,7.58,38.22,1784.6,0,0,0,28.48
2024-08-14 16:00:00,7.59,38.79,5053.2,0,0,0,29
2024-08-15 16:00:00,7.59,39.01,2035.1,0,0,0,29.2
2024-08-16 16:00:00,7.6,39.68,5979.7,0,0,0,29.81
2024-08-19 16:00:00,7.61,39.99,2870.9,0,0,0,30.09
2024-08-20 16:00:00,7.61,40.31,2856.6,0,0,0,30.39
2024-08-21 16:00:00,7.61,40.32,44.1,0,0,0,30.4
2024-08-22 16:00:00,7.63,40.63,2803.7,0,0,0,30.66
2024-08-23 16:00:00,7.63,40.32,0,-2741.6,0,0,30.37
2024-08-26 16:00:00,7.63,40.48,1440.5,0,0,0,30.52
2024-08-27 16:00:00,7.64,40.52,339.1,0,0,0,30.55
2024-08-28 16:00:00,7.64,40.56,370.7,0,0,0,30.58
2024-08-29 16:00:00,7.64,39.34,0,-11041.7,0,0,29.45
2024-08-30 16:00:00,7.65,39.03,0,-2758.1,0,0,29.15
2024-09-02 16:00:00,7.68,39.82,7075.9,0,0,0,29.85
2024-09-03 16:00:00,7.67,39.23,0,-5254.5,0,0,29.31
2024-09-04 16:00:00,7.67,38.5,0,-6613.5,0,0,28.63
2024-09-05 16:00:00,7.68,38.83,2981.9,0,0,0,28.93
2024-09-06 16:00:00,7.7,39.23,3613.1,0,0,0,29.28
2024-09-09 16:00:00,7.69,39.04,0,-1711.23,45273.8,-40443.7,29.11
2024-09-10 16:00:00,7.69,39.04,0,-3.1,0,0,29.11
2024-09-11 16:00:00,7.69,38.27,0,-6935.2,0,0,28.4
2024-09-12 16:00:00,7.69,38.6,3001.5,0,0,0,28.7
2024-09-13 16:00:00,7.72,39.35,6710.7,0,0,0,29.36
2024-09-18 16:00:00,7.71,39.82,4219.3,0,0,0,29.81
2024-09-19 16:00:00,7.71,39.66,0,-1422.8,0,0,29.66
2024-09-20 16:00:00,7.74,39.98,2892.5,0,0,0,29.92
2024-09-23 16:00:00,7.74,40.31,2989.3,0,0,0,30.23
2024-09-24 16:00:00,7.73,40.8,4413.1,0,0,0,30.7
2024-09-25 16:00:00,7.75,41.18,3383.4,0,0,0,31.03
2024-09-26 16:00:00,7.74,41.5,2932.6,0,0,0,31.33
2024-09-27 16:00:00,7.81,39.92,0,-14220.9,0,0,29.78
2024-09-30 16:00:00,7.79,40.65,6542.4,0,0,0,30.49
2024-10-08 16:00:00,7.8,39.41,0,-11191.1,0,0,29.32
2024-10-09 16:00:00,7.81,39.13,0,-2496.6,0,0,29.05
2024-10-10 16:00:00,7.88,40.45,11831.2,0,0,0,30.19
2024-10-11 16:00:00,7.98,40.29,0,-1438.4,0,0,29.92
2024-10-14 16:00:00,8,41.1,7347.5,0,0,0,30.65
2024-10-15 16:00:00,7.88,40.92,0,-1603.44,33616.8,-28929.2,30.63
2024-10-16 16:00:00,7.83,41.34,3793.9,0,0,0,31.08
2024-10-17 16:00:00,7.84,41.04,0,-2728.2,0,0,30.79
2024-10-18 16:00:00,7.79,41.09,421,0,0,0,30.89
2024-10-21 16:00:00,7.85,40.9,0,-1696.1,0,0,30.64
2024-10-22 16:00:00,7.85,40.97,642,0,0,0,30.71
2024-10-23 16:00:00,7.86,41.05,716.8,0,0,0,30.77
2024-10-24 16:00:00,7.87,40.72,0,-2962.8,0,0,30.45
2024-10-25 16:00:00,7.87,40.26,0,-4196.3,0,0,30.03
2024-10-28 16:00:00,7.88,40.42,1442.4,0,0,0,30.16
2024-10-29 16:00:00,7.88,40.83,3693.5,0,0,0,30.54
2024-10-30 16:00:00,7.89,41.01,1687.8,0,0,0,30.7
2024-10-31 16:00:00,7.9,40.59,0,-3824.6,0,0,30.3
2024-11-01 16:00:00,7.91,40.54,0,-395.5,0,0,30.24
2024-11-04 16:00:00,7.92,40.47,0,-697.6,0,0,30.16
2024-11-05 16:00:00,7.91,40.41,0,-558.4,0,0,30.12
2024-11-06 16:00:00,7.92,40.74,2991.2,0,0,0,30.41
2024-11-07 16:00:00,7.91,41.16,3807.2,0,0,0,30.81
2024-11-08 16:00:00,7.93,41.18,188.33,0,22922.4,-29417.9,30.81
2024-11-11 16:00:00,7.94,41.33,1319,0,0,0,30.93
2024-11-12 16:00:00,7.95,40.9,0,-3882.2,0,0,30.52
2024-11-13 16:00:00,7.94,40.91,111.8,0,0,0,30.54
2024-11-14 16:00:00,7.95,40.56,0,-3135.8,0,0,30.21
2024-11-15 16:00:00,7.95,39.88,0,-6111.4,0,0,29.58
2024-11-18 16:00:00,7.96,40.28,3622.8,0,0,0,29.94
2024-11-19 16:00:00,7.96,40.63,3090.6,0,0,0,30.26
2024-11-20 16:00:00,7.97,40.88,2226.4,0,0,0,30.48
2024-11-21 16:00:00,7.98,41.1,2009.6,0,0,0,30.67
2024-11-22 16:00:00,8,40.85,0,-2222.4,0,0,30.42
2024-11-25 16:00:00,7.99,40.9,463.8,0,0,0,30.48
2024-11-26 16:00:00,7.99,40.9,0,-23,0,0,30.48
2024-11-27 16:00:00,7.99,41.39,4387.2,0,0,0,30.93
2024-11-28 16:00:00,8,41.4,70.4,0,0,0,30.93
2024-11-29 16:00:00,8,41.57,1528.8,0,0,0,31.08
2024-12-02 16:00:00,8.02,41.78,1895.6,0,0,0,31.25
2024-12-03 16:00:00,8.02,42.35,5173.8,0,0,0,31.78
2024-12-04 16:00:00,8.03,42.67,2864,0,0,0,32.07
2024-12-05 16:00:00,8.03,42.54,0,-1158,0,0,31.94
2024-12-06 16:00:00,8.03,42.45,0,-778.6,0,0,31.86
2024-12-09 16:00:00,8.04,43.27,7314.22,0,15732,-9110.4,32.61
2024-12-10 16:00:00,8.04,43.62,3219.1,0,0,0,32.93
2024-12-11 16:00:00,8.04,43.49,0,-1244.6,0,0,32.81
2024-12-12 16:00:00,8.05,44.05,5110.7,0,0,0,33.32
2024-12-13 16:00:00,8.07,44.38,2937.1,0,0,0,33.6
2024-12-16 16:00:00,8.07,45.1,6476,0,0,0,34.26
2024-12-17 16:00:00,8.08,44.89,0,-1871.9,0,0,34.06
2024-12-18 16:00:00,8.08,44.61,0,-2494.8,0,0,33.8
2024-12-19 16:00:00,8.08,44.15,0,-4200.5,0,0,33.37
2024-12-20 16:00:00,8.09,44.32,1581.5,0,0,0,33.52
2024-12-23 16:00:00,8.09,45.31,8886.3,0,0,0,34.43
2024-12-24 16:00:00,8.09,45.47,1428.6,0,0,0,34.58
2024-12-25 16:00:00,8.1,45.81,3072.1,0,0,0,34.88
2024-12-26 16:00:00,8.1,45.65,0,-1430.6,0,0,34.74
2024-12-27 16:00:00,8.12,45.89,2100.5,0,0,0,34.93
2024-12-30 16:00:00,8.13,45.56,0,-2901.2,0,0,34.62
2024-12-31 16:00:00,8.16,45.73,1513.5,0,0,0,34.74
2025-01-02 16:00:00,8.14,46.17,3934.9,0,0,0,35.17
2025-01-03 16:00:00,8.15,45.97,0,-1806.6,0,0,34.97
2025-01-06 16:00:00,8.15,46.34,3383.1,0,0,0,35.31
2025-01-07 16:00:00,8.16,46.06,0,-2539.4,0,0,35.04
2025-01-08 16:00:00,8.19,46.18,1040.94,0,0,0,35.11
2025-01-09 16:00:00,8.18,45.77,0,-3646.56,8550,-2555,34.75
2025-01-10 16:00:00,8.19,46.16,3506.4,0,0,0,35.1
2025-01-13 16:00:00,8.17,45.91,0,-2296,0,0,34.89
2025-01-14 16:00:00,8.17,46.02,1063.2,0,0,0,34.99
2025-01-15 16:00:00,8.19,46.26,2128.8,0,0,0,35.19
2025-01-16 16:00:00,8.18,46.59,2919.2,0,0,0,35.51
2025-01-17 16:00:00,8.18,46.7,1062.6,0,0,0,35.61
2025-01-20 16:00:00,8.18,46.82,1071.4,0,0,0,35.72
2025-01-21 16:00:00,8.19,47.22,3538.2,0,0,0,36.08
2025-01-22 16:00:00,8.2,46.93,0,-2578.8,0,0,35.79
2025-01-23 16:00:00,8.2,46.95,193.8,0,0,0,35.81
2025-01-24 16:00:00,8.2,46.94,0,-66.2,0,0,35.8
2025-01-27 16:00:00,8.27,47.3,3186.4,0,0,0,36.05
2025-02-05 16:00:00,8.28,48.23,8419.4,0,0,0,36.9
2025-02-06 16:00:00,8.27,48.06,0,-1556,0,0,36.75
2025-02-07 16:00:00,8.27,47.96,0,-874.2,0,0,36.66
2025-02-10 16:00:00,8.27,48.01,429,0,0,0,36.7
2025-02-11 16:00:00,8.28,48.45,3936.4,0,0,0,37.1
2025-02-12 16:00:00,8.28,48.18,0,-2429.69,68023.6,-67154.4,36.85
2025-02-13 16:00:00,8.29,48.48,2730.6,0,0,0,37.11
2025-02-14 16:00:00,8.31,48.95,4232.6,0,0,0,37.52
2025-02-17 16:00:00,8.32,48.36,0,-5336,0,0,36.96
2025-02-18 16:00:00,8.3,48.83,4213.8,0,0,0,37.42
2025-02-19 16:00:00,8.3,48.98,1380.4,0,0,0,37.56
2025-02-20 16:00:00,8.32,48.78,0,-1785.6,0,0,37.35
2025-02-21 16:00:00,8.31,48.3,0,-4369.6,0,0,36.92
2025-02-24 16:00:00,8.33,47.41,0,-7970,0,0,36.07
2025-02-25 16:00:00,8.33,47.08,0,-2977.2,0,0,35.77
2025-02-26 16:00:00,8.33,46.75,0,-2988.2,0,0,35.47
2025-02-27 16:00:00,8.34,46.85,870.6,0,0,0,35.55
2025-02-28 16:00:00,8.35,45.98,0,-7826.2,0,0,34.73
2025-03-03 16:00:00,8.36,46.55,5160.6,0,0,0,35.24
2025-03-04 16:00:00,8.37,46.07,0,-4272.4,0,0,34.79
2025-03-05 16:00:00,8.38,46.37,2637.8,0,0,0,35.05
2025-03-06 16:00:00,8.37,46.07,0,-2638.8,0,0,34.79
2025-03-07 16:00:00,8.38,45.45,0,-5575.6,0,0,34.2
2025-03-10 16:00:00,8.38,45.56,909.58,0,27093,-30677.9,34.31
2025-03-11 16:00:00,8.39,44.21,0,-12081.4,0,0,33.05
2025-03-12 16:00:00,8.4,44.42,1885.3,0,0,0,33.23
2025-03-13 16:00:00,8.41,44.67,2191.8,0,0,0,33.45
2025-03-14 16:00:00,8.4,45.36,6235.6,0,0,0,34.1
2025-03-17 16:00:00,8.4,45.06,0,-2727.9,0,0,33.82
2025-03-18 16:00:00,8.39,45.32,2411.3,0,0,0,34.07
2025-03-19 16:00:00,8.41,45.91,5254.8,0,0,0,34.59
2025-03-20 16:00:00,8.43,46.09,1640.8,0,0,0,34.73
2025-03-21 16:00:00,8.46,45.66,0,-3851.5,0,0,34.3
2025-03-24 16:00:00,8.47,46.27,5450.5,0,0,0,34.85
2025-03-25 16:00:00,8.49,46.71,3935.4,0,0,0,35.23
2025-03-26 16:00:00,8.47,46.57,0,-1204.5,0,0,35.12
2025-03-27 16:00:00,8.46,46.34,0,-2045.6,0,0,34.93
2025-03-28 16:00:00,8.45,46.5,1431.2,0,0,0,35.09
2025-03-31 16:00:00,8.46,46.41,0,-863.3,0,0,34.99
2025-04-01 16:00:00,8.49,46.6,1734.9,0,0,0,35.13
2025-04-02 16:00:00,8.49,46.98,3402.2,0,0,0,35.48
2025-04-03 16:00:00,8.5,47.9,8293,0,0,0,36.31
2025-04-07 16:00:00,8.49,45.73,0,-19542.2,0,0,34.33
2025-04-08 16:00:00,8.5,47.16,12916.4,0,0,0,35.63
2025-04-09 16:00:00,8.5,47.23,570.13,0,61367,-65594.4,35.7
2025-04-10 16:00:00,8.51,48.31,9752.9,0,0,0,36.68
2025-04-11 16:00:00,8.51,48.55,2169.5,0,0,0,36.9
2025-04-14 16:00:00,8.52,49,4068.6,0,0,0,37.3
2025-04-15 16:00:00,8.53,49.12,1038.1,0,0,0,37.4
2025-04-16 16:00:00,8.54,49.43,2787.2,0,0,0,37.67
2025-04-17 16:00:00,8.53,49.53,959.8,0,0,0,37.78
2025-04-18 16:00:00,8.54,49.87,3045.5,0,0,0,38.08
2025-04-21 16:00:00,8.54,49.93,527,0,0,0,38.13
2025-04-22 16:00:00,8.54,51.12,10722.9,0,0,0,39.23
2025-04-23 16:00:00,8.54,50.02,0,-9951.4,0,0,38.22
2025-04-24 16:00:00,8.55,50.59,5110.1,0,0,0,38.73
2025-04-25 16:00:00,8.56,50.76,1605,0,0,0,38.87
2025-04-28 16:00:00,8.55,50.73,0,-300.8,0,0,38.86
2025-04-29 16:00:00,8.56,50.69,0,-357.6,0,0,38.81
2025-04-30 16:00:00,8.58,50.14,0,-4946.8,0,0,38.28
2025-05-06 16:00:00,8.58,50.39,2237.5,0,0,0,38.51
2025-05-07 16:00:00,8.59,50.85,4166.1,0,0,0,38.92
2025-05-08 16:00:00,8.59,50.78,0,-688,0,0,38.85
2025-05-09 16:00:00,8.6,51.03,2253.6,0,0,0,39.07
2025-05-12 16:00:00,8.61,50.87,0,-1397,0,0,38.91
2025-05-13 16:00:00,8.61,51,1139.02,0,60174.8,-56940.2,39.03
2025-05-14 16:00:00,8.61,51.54,4848.1,0,0,0,39.53
2025-05-15 16:00:00,8.63,51.25,0,-2604.9,0,0,39.23
2025-05-16 16:00:00,8.63,51.1,0,-1316.6,0,0,39.1
2025-05-19 16:00:00,8.64,51.25,1337.1,0,0,0,39.22
2025-05-20 16:00:00,8.64,51.53,2533.1,0,0,0,39.48
2025-05-21 16:00:00,8.64,52.26,6605.2,0,0,0,40.15
2025-05-22 16:00:00,8.65,52.41,1298.2,0,0,0,40.28
2025-05-23 16:00:00,8.66,51.88,0,-4746.7,0,0,39.78
2025-05-26 16:00:00,8.66,51.63,0,-2281.7,0,0,39.55
2025-05-27 16:00:00,8.66,51.64,150.5,0,0,0,39.55
2025-05-28 16:00:00,8.66,51.9,2337.6,0,0,0,39.79
2025-05-29 16:00:00,8.66,51.6,0,-2704.5,0,0,39.52
2025-05-30 16:00:00,8.69,51.62,149.2,0,0,0,39.5
2025-06-03 16:00:00,8.68,51.86,2201.2,0,0,0,39.73
2025-06-04 16:00:00,8.69,51.88,103.1,0,0,0,39.74
2025-06-05 16:00:00,8.69,51.85,0,-275.9,0,0,39.71
2025-06-06 16:00:00,8.7,52.36,4657.1,0,0,0,40.17
2025-06-09 16:00:00,8.7,52.21,0,-1345.1,0,0,40.03
2025-06-10 16:00:00,8.71,52.42,1870.71,0,15166,-11161.2,40.21
2025-06-11 16:00:00,8.71,52.73,2738.1,0,0,0,40.49
2025-06-12 16:00:00,8.71,52.88,1366.8,0,0,0,40.63
2025-06-13 16:00:00,8.72,53.15,2475.5,0,0,0,40.87
2025-06-16 16:00:00,8.72,53.19,377.6,0,0,0,40.9
2025-06-17 16:00:00,8.72,53.51,2827.9,0,0,0,41.2
2025-06-18 16:00:00,8.74,53.64,1159.4,0,0,0,41.29
2025-06-19 16:00:00,8.75,53.68,420.6,0,0,0,41.31
2025-06-20 16:00:00,8.76,53.56,0,-1089.5,0,0,41.19
2025-06-23 16:00:00,8.75,53.88,2890.9,0,0,0,41.5
2025-06-24 16:00:00,8.75,53.95,622.3,0,0,0,41.56
2025-06-25 16:00:00,8.75,54.11,1366.7,0,0,0,41.71
2025-06-26 16:00:00,8.76,54.29,1632.6,0,0,0,41.86
2025-06-27 16:00:00,8.78,53.28,0,-9082.6,0,0,40.91
2025-06-30 16:00:00,8.83,53.27,0,-107.2,0,0,40.83
2025-07-01 16:00:00,8.79,53.77,4500,0,0,0,41.35
2025-07-02 16:00:00,8.79,53.76,0,-93.8,0,0,41.34
2025-07-03 16:00:00,8.8,53.81,452.5,0,0,0,41.37
2025-07-04 16:00:00,8.82,54.09,2559.4,0,0,0,41.6
2025-07-07 16:00:00,8.81,54.17,731.7,0,0,0,41.69
2025-07-08 16:00:00,8.8,54.07,0,-910.4,21795.6,-19902,41.61
2025-07-09 16:00:00,8.8,54.14,667.9,0,0,0,41.67
2025-07-10 16:00:00,8.81,54.42,2489.1,0,0,0,41.92
2025-07-11 16:00:00,8.81,54.81,3469.2,0,0,0,42.28
2025-07-14 16:00:00,8.82,55.15,3085.8,0,0,0,42.57
2025-07-15 16:00:00,8.83,55.14,0,-52.8,0,0,42.55
2025-07-16 16:00:00,8.83,54.83,0,-2811.3,0,0,42.27
2025-07-17 16:00:00,8.84,54.93,888.28,0,0,0,42.35
2025-07-18 16:00:00,8.84,55.31,3450.78,0,0,0,42.7
2025-07-21 16:00:00,8.84,55.36,408.1,0,0,0,42.74
2025-07-22 16:00:00,8.84,55.11,0,-2230.1,0,0,42.51
2025-07-23 16:00:00,8.85,55.47,3242.9,0,0,0,42.83
2025-07-24 16:00:00,8.85,54.44,0,-9316.9,0,0,41.88
2025-07-25 16:00:00,8.87,54.22,0,-1928.1,0,0,41.66
2025-07-28 16:00:00,8.87,54.27,403.2,0,0,0,41.7
2025-07-29 16:00:00,8.87,53.81,0,-4125.3,0,0,41.28
2025-07-30 16:00:00,8.87,54.42,5483.9,0,0,0,41.84
2025-07-31 16:00:00,8.9,54.13,0,-2626.2,0,0,41.53
2025-08-01 16:00:00,8.92,54.07,0,-504,0,0,41.45
2025-08-04 16:00:00,8.9,54.38,2751.9,0,0,0,41.76
2025-08-05 16:00:00,8.89,54.96,5279.1,0,0,0,42.31
2025-08-06 16:00:00,8.89,55.09,1154.9,0,0,0,42.43
2025-08-07 16:00:00,8.9,55.56,4224.9,0,0,0,42.85
2025-08-08 16:00:00,8.91,55.59,306.6,0,11829.6,-9678.3,42.86
2025-08-11 16:00:00,8.9,55.3,0,-2683.4,0,0,42.61
2025-08-12 16:00:00,8.91,55.55,2284.5,0,0,0,42.82
2025-08-13 16:00:00,8.91,55.86,2775.9,0,0,0,43.11
2025-08-14 16:00:00,8.92,56,1302.3,0,0,0,43.22
2025-08-15 16:00:00,8.93,55.77,0,-2124.2,0,0,43
2025-08-18 16:00:00,8.93,55.68,0,-752,0,0,42.92
2025-08-19 16:00:00,8.93,55.9,1965.3,0,0,0,43.12
2025-08-20 16:00:00,8.95,55.76,0,-1307.3,0,0,42.96
2025-08-21 16:00:00,8.98,56.04,2531.6,0,0,0,43.18
2025-08-22 16:00:00,8.96,55.76,0,-2507.8,0,0,42.95
2025-08-25 16:00:00,8.96,56.5,6702.9,0,0,0,43.63
2025-08-26 16:00:00,8.96,56.37,0,-1188.5,0,0,43.51
2025-08-27 16:00:00,8.97,55.94,0,-3917.5,0,0,43.1
2025-08-28 16:00:00,8.99,55.59,0,-3122.8,0,0,42.76
2025-08-29 16:00:00,9.02,55.84,2287.7,0,0,0,42.95
2025-09-01 16:00:00,9.04,56.02,1618.8,0,0,0,43.09
2025-09-02 16:00:00,9.06,56.55,4730.8,0,0,0,43.54
2025-09-03 16:00:00,9.03,56.75,1848.9,0,0,0,43.77
2025-09-04 16:00:00,9.01,57.54,7058.7,0,0,0,44.52
2025-09-05 16:00:00,8.99,57.09,0,-4080.4,0,0,44.13
2025-09-08 16:00:00,8.99,57.14,474.46,0,117340,-121401.7,44.18
2025-09-09 16:00:00,9,57.4,2386.1,0,0,0,44.4
2025-09-10 16:00:00,9,57.2,0,-1859.1,0,0,44.22
2025-09-11 16:00:00,9.01,57.18,0,-123.4,0,0,44.19
2025-09-12 16:00:00,9.01,57.15,0,-323.9,0,0,44.16
2025-09-15 16:00:00,9.02,56.89,0,-2351.8,0,0,43.91
2025-09-16 16:00:00,9.01,56.9,150.4,0,0,0,43.93
2025-09-17 16:00:00,9.02,56.59,0,-2854.4,0,0,43.63
2025-09-18 16:00:00,9.05,55.91,0,-6034.9,0,0,42.97
2025-09-19 16:00:00,9.05,55.76,0,-1364.8,0,0,42.83
2025-09-22 16:00:00,9.05,56.06,2709,0,0,0,43.11
2025-09-23 16:00:00,9.06,56.27,1845.4,0,0,0,43.29
2025-09-24 16:00:00,9.04,56.2,0,-661.8,0,0,43.25
2025-09-25 16:00:00,9.05,56.15,0,-417.9,0,0,43.19
2025-09-26 16:00:00,9.06,56.22,646.7,0,0,0,43.24
2025-09-29 16:00:00,9.07,56.27,439.5,0,0,0,43.27
2025-09-30 16:00:00,9.12,56.71,3984.8,0,0,0,43.61
2025-10-09 16:00:00,9.09,57.94,11087.8,0,0,0,44.78
2025-10-10 16:00:00,9.11,57.98,333.5,0,0,0,44.79
2025-10-13 16:00:00,9.11,58.47,4356,0,0,0,45.24
2025-10-14 16:00:00,9.12,59.01,4923.9,0,0,0,45.72
2025-10-15 16:00:00,9.12,59.53,4639.7,0,0,0,46.2
2025-10-16 16:00:00,9.13,60.29,6839.91,0,63405.6,-47580.8,46.88
2025-10-17 16:00:00,9.16,60.47,1663.1,0,0,0,47
2025-10-20 16:00:00,9.18,60.71,2172.3,0,0,0,47.2
2025-10-21 16:00:00,9.14,61.31,5360.4,0,0,0,47.8
2025-10-22 16:00:00,9.15,61.2,0,-983.6,0,0,47.69
2025-10-23 16:00:00,9.15,61.16,0,-339.9,0,0,47.65
2025-10-24 16:00:00,9.15,61.27,939,0,0,0,47.75
2025-10-27 16:00:00,9.15,62.23,8674.6,0,0,0,48.63
2025-10-28 16:00:00,9.15,62.22,0,-126.4,0,0,48.62
2025-10-29 16:00:00,9.16,62.44,2039,0,0,0,48.81
2025-10-30 16:00:00,9.19,62.32,0,-1118.7,0,0,48.66
2025-10-31 16:00:00,9.17,62.22,0,-897.3,0,0,48.59
2025-11-03 16:00:00,9.17,62.35,1187.3,0,0,0,48.71
2025-11-04 16:00:00,9.19,62.1,0,-2290,0,0,48.46
2025-11-05 16:00:00,9.19,61.98,0,-1047.3,0,0,48.35
2025-11-06 16:00:00,9.2,62.4,3781.3,0,0,0,48.72
2025-11-07 16:00:00,9.21,62.12,0,-2534.3,0,0,48.45
2025-11-10 16:00:00,9.2,62.68,5065.05,0,20316.4,-26979,48.97
2025-11-11 16:00:00,9.21,63.23,4912.4,0,0,0,49.46
2025-11-12 16:00:00,9.21,63.73,4493.9,0,0,0,49.92
2025-11-13 16:00:00,9.21,63.85,1070.7,0,0,0,50.03
2025-11-14 16:00:00,9.22,63.24,0,-5425.6,0,0,49.46
2025-11-17 16:00:00,9.22,62.39,0,-7719.8,0,0,48.68
2025-11-18 16:00:00,9.23,61.84,0,-4923.2,0,0,48.16
2025-11-19 16:00:00,9.24,61.84,7.2,0,0,0,48.15
2025-11-20 16:00:00,9.26,62.35,4610.4,0,0,0,48.59
2025-11-21 16:00:00,9.26,61.54,0,-7277.7,0,0,47.85
2025-11-24 16:00:00,9.25,61.88,3030.1,0,0,0,48.17
2025-11-25 16:00:00,9.26,62.46,5193.7,0,0,0,48.69
2025-11-26 16:00:00,9.26,62.31,0,-1303.7,0,0,48.55
2025-11-27 16:00:00,9.26,62.71,3619,0,0,0,48.92
2025-11-28 16:00:00,9.27,62.89,1592.4,0,0,0,49.07
2025-12-01 16:00:00,9.27,62.57,0,-2889.7,0,0,48.78
2025-12-02 16:00:00,9.29,62.54,0,-285.6,0,0,48.72
2025-12-03 16:00:00,9.3,62.76,2001.2,0,0,0,48.91
2025-12-04 16:00:00,9.29,62.39,0,-3372.9,0,0,48.59
2025-12-05 16:00:00,9.29,62.34,0,-428.8,0,0,48.54
2025-12-08 16:00:00,9.29,61.95,0,-3483.9,39357.2,-41691.2,48.18
2025-12-09 16:00:00,9.29,61.92,0,-297.7,0,0,48.16
2025-12-10 16:00:00,9.3,61.9,0,-177.5,0,0,48.12
2025-12-11 16:00:00,9.31,61.89,0,-91.1,0,0,48.1
2025-12-12 16:00:00,9.3,61.9,141.3,0,0,0,48.12
2025-12-15 16:00:00,9.31,61.65,0,-2242.64,0,0,47.88
2025-12-16 16:00:00,9.32,61.16,0,-4415.5,0,0,47.42
2025-12-17 16:00:00,9.31,61.48,2866.6,0,0,0,47.73
2025-12-18 16:00:00,9.32,61.51,282.6,0,0,0,47.74
2025-12-19 16:00:00,9.33,61.66,1274.6,0,0,0,47.86
2025-12-22 16:00:00,9.33,61.9,2236.6,0,0,0,48.08
2025-12-23 16:00:00,9.33,62.31,3614.6,0,0,0,48.46
2025-12-24 16:00:00,9.33,62.24,0,-632,0,0,48.39
2025-12-25 16:00:00,9.34,62.01,0,-2031.5,0,0,48.17
2025-12-26 16:00:00,9.35,62.36,3132.3,0,0,0,48.48
2025-12-29 16:00:00,9.35,62.24,0,-1022.2,0,0,48.37
2025-12-30 16:00:00,9.35,61.77,0,-4280.06,0,0,47.94
2025-12-31 16:00:00,9.39,61.44,0,-2936.3,0,0,47.58
2026-01-05 16:00:00,9.37,61.83,3462.1,0,0,0,47.97
2026-01-06 16:00:00,9.36,61.81,0,-110.9,0,0,47.96
2026-01-07 16:00:00,9.38,61.58,0,-2097.7,0,0,47.72
2026-01-08 16:00:00,9.38,61.43,0,-1331,0,0,47.59
2026-01-09 16:00:00,9.39,61.66,2062.8,0,0,0,47.78
2026-01-12 16:00:00,9.39,61.96,2714.11,0,28595.2,-16818.8,48.06
2026-01-13 16:00:00,9.4,62.42,4090.8,0,0,0,48.46
2026-01-14 16:00:00,9.41,62.14,0,-2553.1,0,0,48.19
2026-01-15 16:00:00,9.43,61.9,0,-2150.1,0,0,47.95
2026-01-16 16:00:00,9.45,61.59,0,-2733.2,0,0,47.64
2026-01-19 16:00:00,9.44,61.78,1658.1,0,0,0,47.83
2026-01-20 16:00:00,9.44,62.05,2431.4,0,0,0,48.07
2026-01-21 16:00:00,9.43,61.94,0,-939.5,0,0,47.99
2026-01-22 16:00:00,9.44,61.82,0,-1071.2,0,0,47.86
2026-01-23 16:00:00,9.44,61.71,0,-1067.6,0,0,47.76
2026-01-26 16:00:00,9.45,62.16,4113.6,0,0,0,48.16
2026-01-27 16:00:00,9.45,62.43,2368.1,0,0,0,48.41
2026-01-28 16:00:00,9.45,62.81,3439.6,0,0,0,48.75
2026-01-29 16:00:00,9.45,63.87,9566,0,0,0,49.72
2026-01-30 16:00:00,9.46,62.61,0,-11364.7,0,0,48.56
2026-02-02 16:00:00,9.48,60.72,0,-16976.2,0,0,46.8
2026-02-03 16:00:00,9.47,61.44,6489,0,0,0,47.47
2026-02-04 16:00:00,9.48,62.05,5467.5,0,0,0,48.02
2026-02-05 16:00:00,9.49,61.78,0,-2444,0,0,47.76
2026-02-06 16:00:00,9.5,61.37,0,-3707.3,0,0,47.37
2026-02-09 16:00:00,9.48,62.05,6133.5,0,58339.8,-59345.8,48.02
2026-02-10 16:00:00,9.49,62.02,0,-258.2,0,0,47.98
2026-02-11 16:00:00,9.5,62.24,1953.7,0,0,0,48.16
2026-02-12 16:00:00,9.51,61.89,0,-3158.6,0,0,47.83
2026-02-13 16:00:00,9.55,61.65,0,-2106.6,0,0,47.56
2026-02-24 16:00:00,9.54,61.95,2732.2,0,0,0,47.85
2026-02-25 16:00:00,9.54,61.97,151.6,0,0,0,47.86
2026-02-26 16:00:00,9.54,61.78,0,-1768.7,0,0,47.69
2026-02-27 16:00:00,9.54,61.75,0,-269.6,0,0,47.66
2026-03-02 16:00:00,9.56,62.63,7936.9,0,0,0,48.44
2026-03-03 16:00:00,9.58,63.1,4218.1,0,0,0,48.84
2026-03-04 16:00:00,9.6,63.1,22.2,0,0,0,48.81
2026-03-05 16:00:00,9.58,63.15,458.9,0,0,0,48.89
2026-03-06 16:00:00,9.58,63.5,3136.8,0,0,0,49.21
2026-03-09 16:00:00,9.58,63.8,2740.04,0,70724.4,-76055.4,49.48
2026-03-10 16:00:00,9.58,63.73,0,-625.4,0,0,49.42
2026-03-11 16:00:00,9.59,64.23,4462,0,0,0,49.86
2026-03-12 16:00:00,9.59,64.29,588.6,0,0,0,49.91
2026-03-13 16:00:00,9.6,64.4,959.9,0,0,0,50
2026-03-16 16:00:00,9.6,64.02,0,-3447.9,0,0,49.65
2026-03-17 16:00:00,9.62,64.14,1076.8,0,0,0,49.74
2026-03-18 16:00:00,9.61,64.24,944.9,0,0,0,49.84
2026-03-19 16:00:00,9.62,63.93,0,-2784.3,0,0,49.54
2026-03-20 16:00:00,9.62,63.32,0,-5542.1,0,0,48.99
2026-03-23 16:00:00,9.62,61.55,0,-15894.7,0,0,47.37
2026-03-24 16:00:00,9.62,62.5,8506.9,0,0,0,48.24
2026-03-25 16:00:00,9.62,62.63,1222.3,0,0,0,48.36
2026-03-26 16:00:00,9.64,62.46,0,-1520.2,0,0,48.18
2026-03-27 16:00:00,9.63,62.29,0,-1582.4,0,0,48.03
2026-03-30 16:00:00,9.63,62.32,307.3,0,0,0,48.06
2026-03-31 16:00:00,9.65,62.13,0,-1749.9,0,0,47.86
2026-04-01 16:00:00,9.65,62.62,4427,0,0,0,48.31
2026-04-02 16:00:00,9.67,62.87,2229.7,0,0,0,48.51
2026-04-03 16:00:00,9.71,62.71,0,-1434,0,0,48.31
2026-04-07 16:00:00,9.7,62.43,0,-2460.1,0,0,48.07
2026-04-08 16:00:00,9.67,63.29,7677.9,0,0,0,48.89
2026-04-09 16:00:00,9.68,63.04,0,-2237.46,35579.4,-38299.2,48.65
2026-04-10 16:00:00,9.69,63.25,1892.1,0,0,0,48.83
2026-04-13 16:00:00,9.69,63.41,1484.5,0,0,0,48.97
2026-04-14 16:00:00,9.7,63.83,3764.3,0,0,0,49.34
2026-04-15 16:00:00,9.7,64.41,5190.3,0,0,0,49.87
2026-04-16 16:00:00,9.69,64.79,3395.6,0,0,0,50.23
2026-04-17 16:00:00,9.71,64.74,0,-397.3,0,0,50.16
2026-04-20 16:00:00,9.71,65.2,4139.8,0,0,0,50.58
2026-04-21 16:00:00,9.71,65.63,3826.9,0,0,0,50.97
